# colloquial surface -> English canonical, for `indicator build-lexicon --aliases`.
# Generated by fine-tuning/tool_aliases.py from the benchmark indicator sheets;
# edit those, or add curated rows below the generated block, and regenerate.
# 2,229 pairs over 2,193 surfaces, from 3,370 sheet rows.
%BC	% B Cell
%CTNKC	% Cytotoxic NK cells
%Lym	% Lymphocyte
%NKC	% NK Cell
%NKT	% NKT
%RTC	% Regulatory T Cell
%TC	% T Cell
%TCT(CD8)C	% Cytotoxic (CD8) T Cell
%TTH(CD4)C	% T-Helper (CD4) Cell
%TTH17C	% T-Helper-17
%TTH1C	% T-Helper-1 Cell
%TTH2C	% T-Helper-2 Cell
%ω-3	%Omega-3s
1,25(OH)2D	1,25-dihydroxyvitamin D
1,25-二羟基维生素D	1,25-dihydroxyvitamin D
1-甲基组氨酸	1-Methylhistidine
10 年骨折风险	10-year Fracture Risk
13C - UBT	Excess 13C UBT
13C-尿素呼气试验	Excess 13C UBT
14C-UBT	Carbon-14 urea breath test
1秒率	FEV1/FVC Ratio
2-氧代-3-甲基戊酸/肌酐比	2-Keto-3-methylvaleric acid/Creatinine Ratio
2-氧代异己酸/肌酐比	2-Keto-isocaproic acid/Creatinine Ratio
2-氧代异戊酸/肌酐比	2-Keto-isovaleric acid/Creatinine Ratio
21 - 羟化酶（肾上腺皮质）	21-Hydroxylase (Adrenal Cortex)
21-OH	21-Hydroxylase (Adrenal Cortex)
24小时尿尿素	24-Hour Urine Urea
24小时尿肌酐	24-Hour Urine Creatinine
24小时尿蛋白定量	24-Hour Urine Protein Quantification
24小时尿量	24-Hour Urine Volum
24小时尿钙	24-hour Calcium, Urine
24小时尿钙排泄	24-Hour Urine Calcium Excretion
24小时白蛋白定量	24-Hour Urine Albumin Quantification
24小时肌酐尿量	24-hour Volume Creatinine
24小时肌酐排泄	24-hour creatinine excretion
24小时钙尿量	24-hour Volume Calcium
25(OH)D	25-Hydroxyvitamin D
25(OH)D2	25-Hydroxyvitamin D2
25(OH)D3	25-Hydroxyvitamin D3
25-羟基维生素D	25-Hydroxyvitamin D
25-羟基维生素D2	25-Hydroxyvitamin D2
25-羟基维生素D3	25-Hydroxyvitamin D3
2hPG	Two-hour Postprandial Plasma Glucose
2小时血糖	Two-hour Postprandial Plasma Glucose
3-甲基戊二酰肉碱	3-METHYLGLUTA C6:DC
3-甲基组氨酸	3-Methylhistidine
3-羟基丁酰肉碱	3-OH butyryl (C4-OH)
3-羟基亚油酰肉碱	3-OH LINOYLEYLCARN C18:2-OH
3-羟基十二烯酰肉碱	3-OH Dodecenoylcarnitine (C12:1-OH)
3-羟基十二烯酰肉碱 C12-OH	3OHDODECENOYLCARNITINE C12-OH
3-羟基十八酰肉碱	3OH-OCTADECA C18-OH
3-羟基十六碳一烯酰肉碱	3-OH HEXADECENOYLCARN C16:1-OH
3-羟基十六酰肉碱	3-OH hexadecanoyl (C16-OH)
3-羟基十四碳一烯酰肉碱	3OHTETRADECENOYLCARN C14:1OH
3-羟基十四酰肉碱	3OHTETRADECANOYLCARN C14-OH
3-羟基己酰肉碱	3-hydroxyhexanoylcarnitine
3-羟基异戊酰肉碱	3-hydroxyisovalerylcarnitine
3-羟基油酰肉碱	3OHOLEYLCARNITINE C18:1OH
3-羟基癸烯酰肉碱	3-hydroxydecenoylcarnitine
3-羟基（β）丁酸/肌酐比	3-Hydroxybutyric acid/Creatinine Ratio
4-羟基苯丙酮酸/肌酐比	4-Hydroxyphenylpyruvic acid/Creatinine Ratio
4-羟基苯乙酸/肌酐比	4-Hydroxyphenylacetic acid/Creatinine Ratio
4-羟基苯乳酸/肌酐比	4-Hydroxyphenyllactic acid/Creatinine Ratio
5-HT	Serotonin
5-羟色胺	Serotonin
A. colihominis/massiliensis	Anaerotruncus colihominis/massiliensis
A. lumb	Ascaris lumbricoides
A. muciniphila	Akkermansia muciniphila
A/G	Albumin/Globulin Ratio
A1M	Alpha-1 Microglobulin
A2M	Alpha-2 Macroglobulin
AA	Arachidonic 20:4 n6
AA / EPA	Arachidonic acid /Eicosapentaenoic acid 20:4 n6 / 20:5 n3
AB	Actual Bicarbonate
ABE	Actual base excess
ABO/Rh	ABO/Rh Blood Group System
ABO/Rh血型	ABO/Rh Blood Group System
AC	Acylcarnitine
AC/FC	Acylcarnitine to Free Carnitine Ratio
ACPA-IgG	Anti-Citrullinated Protein IgG Antibodies
ACR	Microalb/Creatinine Ratio
ACh	Acetylcholine
AF - IgG+IgA	Aflatoxins IgG+IgA
AF - IgM	Aflatoxins IgM
AFP-L3	Lens Culinaris Agglutinin-reactive Alpha-fetoprotein
AFP-L3比率	Alpha-Fetoprotein L3 Ratio
AFU	α-L-fucosidase
AG	Anion Gap
AI	Arteriosclerosis Index
AKA	Anti-keratin antibody
ALA	Alpha Lipoic Acid
ALA	α-Linolenic18:3 n3
ALDOA	Aldolase
ALP	Alk Phosphatase
ALT	Alanine Aminotransferase
ALT	Alanine aminotransferase
AMA	Anti-mitochondrial antibody
AMH	Anti-Müllerian Hormone
ANA	Antinuclear Antibody
ANA	Antinuclear Antibody Screening
ANCA	Anti-neutrophil cytoplasmic antibodies
ANNA-1	Anti-neuronal nuclear antibody type 1
AP	Arthritic Peptide
APF	anti-perinuclear factor（APF）
APTT	Activated Partial Thromboplastin Time
APTTR	Activated Partial Thromboplastin Time Ratio
ASCA + ANCA	Anti - Saccharomyces Cerevisiae Antibody + Anti - Neutrophil Cytoplasmic Antibody
ASO	Anti-Streptolysin O
AST	Aspartate Aminotransferase
AST/ALT	Aspartate Aminotransferase/Alanine aminotransferase
ATIII	Antithrombin III
ATLC	Absolute T Lymphocyte Count
Ac%	Acetate %
Acto - IgA	Actomyosin IgA
Al	Aluminium
Anti - Ku	Anti-Ku antibodies
Anti-CASPR2	Anti-contactin-associated protein-like 2 antibodies
Anti-Ro	Anti-Ro antibodies
Anti-Sm	Anti-Smith antibodies
ApoA1	Apolipoprotein A1
ApoB	Apolipoprotein B
As	Arsenic
Asialo - Gang	Asialoganglioside
A型脂蛋白	Lipoprotein(a)
A抗体	Anti-A Antibody
A抗原	A Antigen
B 细胞百分比	% B Cell
B. coli	Balantidium coli
B. hominis	Blastocystis hominis
BASO%	Basophil Percentage
BBB - P - IgM	Blood Brain Barrier Protein IgM
BBB-P-IgG+IgA	Blood Brain Barrier Protein IgG+IgA
BE	Base Excess
BEecf	Base Excess of Extracellular Fluid
BGlu	Beta-glucuronidase
BNP	B-Type Natriuretic Peptide
BPA - BP - IgG+IgA	BPA Binding Protein IgG+IgA
BPA - BP - IgM	BPA Binding Protein IgM
BPA - IgG+IgA	Bisphenol A IgG+IgA
BPA - IgM	Bisphenol A IgM
BRC - IgG+IgA	Benzene Ring Compounds IgG+IgA
BRC - IgM	Benzene Ring Compounds IgM
BUN	Blood Urea Nitrogen
BUN/Cr	Urea Nitrogen/Creatinine Ratio
BV	Bacterial Vaginosis
Bac. spp.	Bacillus species
Barn. spp	Barnesiella spp
Baso#	Basophil,Absolute
Bif.	Bifidobacterium (Anaerobic Culture)
Bif. spp.	Bifidobacterium spp.
Blasto. spp	Blastocystis spp.
Blsl	Bifidobacterium longum subsp. Longum
Bu	Bacteroides uniformis
B型钠尿肽	B-Type Natriuretic Peptide
B抗体	Anti-B Antibody
B抗原	B Antigen
C-L Crystals	Charcot-Leyden Crystals
C-P	C-peptide
C-P (0.5h)	C-Peptide-30min
C-P (1h)	C-Peptide-1hour
C-P (2h)	C-Peptide-2hour
C-P (3h)	C-Peptide-3hour
C-肽(一小时)	C-Peptide-1hour
C-肽(三小时)	C-Peptide-3hour
C-肽(两小时)	C-Peptide-2hour
C-肽(半小时)	C-Peptide-30min
C. albicans	Candida albicans
C. albicans/C. dubliniensis	Candida albicans/dubliniensis
C. cayet	Cyclospora cayetanensis
C. mesnili	Chilomastix mesnili
C. parv./hominis	Cryptosporidium parvum/hominis
C. perfringens	Clostridium perfringens
C. philipp	Capillaria philippinensis
C./O. spp	Clonorchis/Opisthorchis spp.
C3	Complement C3
C4	Complement C4
CA Ab	Candida albicans Antibody
CA15-3	Carbohydrate Antigen 15-3
CA24-2	Carbohydrate Antigen 24-2
CA50	Carbohydrate Antigen 50
CA72-4	Carbohydrate Antigen 72-4
CASPR2-Ab	Anti-contactin associated protein-like 2 antibody
CC	Collagen Complex
CCK	Cholecystokinin
CD3 CD16 CD56%	Percentage of CD3-CD16+CD56
CD3 CD16 CD56抗体	CD3, CD16, and CD56 Antibody
CD3+CD4+/CD3+CD8+	Ratio of CD3+CD4+ T Helper Cells to CD3+CD8+
CD4/CD8 ratio	CD4/CD8 Ratio
CD4/CD8 比值	CD4/CD8 Ratio
CENP-B	Centromere B Antibodies
CHE	Cholinesterase
CK	creatine kinase
CK-MB	Creatine Kinase - MB
CM	Chylomicron
COHb	Carboxyhemoglobin
CP	Calprotectin †
CRH	Corticotropin-Releasing Hormone
CRMP-5-IgG	Collapsin Response Mediator Protein 5 Immunoglobulin G Antibody
CRMP5-IgG	Anti-CRMP5 IgG Antibody
CRP	C-Reactive Protein
CYFRA21 - 1	Cytokeratin 19 Fragment
CYP450	Cytochrome P450 (Hepatocyte)
Ca	Collinsella aerofaciens
CagA	Cytotoxin
Car	Carnitine
Cbl	Cerebellar
Ccr	Endogenous Creatinine Clearance Rate
Cd	Cadmium
Cho	Choline
CoQ10	Coenzyme Q10
Col IV	Collagen Type IV
Cp	Ceruloplasmin
Cr	Chromium
Crypto. spp	Cryptosporidium spp.
Cu	Copper
Cys. spp	Cystoisospora spp.
C反应蛋白	C-Reactive Protein
C肽	C-peptide
D-Dimer SQ	D-dimer semi-quantitative determination
D-LDL	Direct Low-Density Lipoprotein
D-二聚体	D-Dimer
D-二聚体半定量	D-dimer semi-quantitative determination
D-二聚体，酶联免疫吸附测定	Enzyme-Linked Immunosorbent Assay for D-Dimer
D. caninum	Dipylidium caninum
D. frag	Dientamoeba fragilis
D. latum	Diphyllobothrium latum
D. piger	Desulfovibrio piger
DA	Dopamine
DBIL	Direct Bilirubin
DENV IgG	Dengue virus IgG antibody
DENV IgM	Dengue virus IgM antibody
DENV NS1	Dengue virus non - structural protein 1 antigen (NS1 antigen)
DGLA	Dihomo-γ-linolenic 20:3 n6
DGP-IgA	Anti-Deamidated Gliadin Peptide IgA Antibodies
DHEAS	Dehydroepiandrosterone sulfate
DR-70	Human fibrinogen degradation product
DTA	Docosatetraenoic 22:4 n6
D抗原	Rh D Antigen
E. aerogenes	Enterobacter aerogenes
E. coli	Entamoeba coli
E. coli	Escherichia coli
E. faecalis	Enterococcus faecalis
E. hart	Entamoeba hartmanii
E. hist	Entamoeba histolytica
E. hist./dispar	Entamoeba histolytica/dispar
E. histolytica	Entamoeba histolytica
E. nana	Endolimax nana
E. polecki	Entamoeba polecki
E. verm	Enterobius vermicularis
E1	Estrone
E2	Estradiol
EA	Elaidic 18:1 n9t
EA-IgA	Epstein-Barr virus early antigen IgA antibody-EBV
EBV-DNA	Epstein-Barr Virus DNA
EB病毒早期抗原IgA	Early Antigen (EA) IgA
EB病毒早期抗原IgA抗体	Epstein-Barr virus early antigen IgA antibody-EBV
EB病毒衣壳抗原(VCA)IgG抗体	EBV VIRAL CAPSID AG (VCA) AB(IGG)
EB病毒衣壳抗原(VCA)IgM抗体	EBV VIRAL CAPSID AG (VCA) AB(IGM)
EDA	Eicosadienoic 20:2 n6
EMA	Endomysial Antibodies
EOS%	Eosinophil Percentage
EPX	Eosinophil Protein X (EPX)†
ESR-K	Erythrocyte Sedimentation Rate Equation K value
ETrA	Eicosatrienoic Acid
Eos#	Eosinophil Absolute Value
Ep	epinephrine
F-sIgA	Fecal secretory IgA
F. prausnitzii	Faecalibacterium prausnitzii
FA&GA - IgG+IgA	Formaldehyde and Glutaraldehyde IgG+IgA
FA&GA - IgM	Formaldehyde and Glutaraldehyde IgM
FC	Free Carnitine
FEP	Free Erythrocyte Protoporphyrin
FF	Fecal Fat(total)
FFA	Free Fatty Acids
FII	Coagulation Factor II
FIO2	Fraction of Inspired Oxygen
FIT	Fecal Immunochemical Test
FIX	Coagulation Factor IX
FOB	Fecal Occult Blood
FOB	fecal occult blood test
FPG	Fasting Plasma Glucose
FPSA/PSA	Free Prostate - Specific Antigen/Prostate - Specific Antigen
FS	Fructose Sensitivity
FSH	Follicle-Stimulating Hormone
FT3	Free Triiodothyronine
FT4	Free Thyroxine
FV	Coagulation Factor V
FVIII	Coagulation Factor VIII
FX	Coagulation Factor X
FXI	Coagulation Factor XI
FXII	Coagulation Factor XII
Fasciola spp./F. buski	Fasciola spp./ Fasciolopsis buski
Fe	Iron
Fib	Fibulin
G - TG - IgA	Gliadin-Transglutaminase Complex IgA
G - TG - IgG	Gliadin-Transglutaminase Complex IgG
G-17	gastrin-17
G6PD	Glucose-6-Phosphate Dehydrogenase Screening
GA	Glycated Albumin
GABA	γ-Aminobutyric Acid
GAD Ab	Glutamic Acid Decarboxylase Autoantibody
GAD65	Glutamic acid decarboxylase 65 antibodies
GADA	glutamic acid decarboxylase antibody
GC	Glycocholic Acid
GFR	Glomerular Filtration Rate
GGT	Gamma-glutamyl transferase
GII	Glucose-Insulin Interaction
GLA	γ-Linolenic 18:3 n6
GLDH	Glutamate Dehydrogenase
GM + PD - IgA	Gluteomorphin + Prodynorphin IgA
GM + PD - IgG	Gluteomorphin + Prodynorphin IgG
GR	Glutathione reductase
GSH	Glutathione
GTP - IgA	Gliadin Toxic Peptides IgA
GTP - IgG	Gliadin Toxic Peptides IgG
Gia	Giardia
Gln21 - IgA	Glutenin 21-mer IgA
Gln21 - IgG	Glutenin 21-mer IgG
Glu (0.5h)	Glucose-30min
Glu (1h)	Glucose-1hour
Glu (3h)	Glucose-3hour
H. dim	Hymenolepis diminuta
H. nana	Hymenolepis nana
H. pylori	Helicobacter pylori
H. pylori	HpSA - H. pylori
H./M	Heterophyes/Metagonimus
H2O2	Hydrogen Peroxide
HA	Hyaluronic Acid
HAV IgG	Hepatitis A Virus IgG Antibody
HAV IgM	Hepatitis A Virus IgM Antibody
HAV-Ab	Hepatitis A virus antibody
HAV-RNA	Hepatitis A Virus RNA
HBcAb	Hepatitis B Core Antibody
HBeAb	Hepatitis B e Antibody
HBeAg	Hepatitis B e Antigen
HBsAb	Anti-HBs count
HBsAg	Hepatitis B Surface Antigen
HCO3-	Bicarbonate
HCT	Hematocrit
HCV Ab	Hepatitis C Virus Antibodies
HCV-RNA	Hepatitis C Virus RNA
HDL-C	High-Density Lipoprotein Cholesterol
HE4	Human Epididymis Protein 4
HEV-IgM	Hepatitis E Virus Antibody IgM
HIV Ab	Human Immunodeficiency Virus (HIV) Antibody
HIV-1/2 抗体	Human Immunodeficiency Virus Types 1 and 2 Antibody
HLA - DQ2	Human Leukocyte Antigen-DQ2
HLA-DQ8	Human Leukocyte Antigen-DQ8
HPV-11	Human Papillomavirus Type 11
HPV-16	Human Papillomavirus type 16
HPV-18	Human Papillomavirus Type 18
HPV-23	Human Papillomavirus type 23
HPV-31	Human Papillomavirus type 31
HPV-33	Human Papillomavirus Type 33
HPV-35	Human Papillomavirus Type 35
HPV-39	Human Papillomavirus Type 39
HPV-42	Human Papillomavirus Type 42
HPV-43	Human Papillomavirus Type 43
HPV-44	Human Papillomavirus Type 44
HPV-46	Human Papillomavirus type 46
HPV-51	Human Papillomavirus Type 51
HPV-52	Human Papillomavirus Type 52
HPV-56	Human Papillomavirus Type 56
HPV-58	Human Papillomavirus Type 58
HPV-59	Human Papillomavirus Type 59
HPV-6	Human Papillomavirus Type 6
HPV-66	Human Papillomavirus Type 66
HPV-68	Human Papillomavirus type 68
HPV-8	Human Papillomavirus Type 8
HPV-82	Human Papillomavirus Type 82
HPV-83	Human Papillomavirus Type 83
HPⅠ/Ⅱ型分型	Helicobacter pylori Type I/II Classification
HW	Ancylostoma/Necator (Hookworm)
Hb	Hemoglobin
Hb/HGB	Hemoglobin
HbA1c	Glycated Hemoglobin
Hct	Hematocrit
Hcy	Homocysteine
Hg	Mercury
Hg-C-IgG+IgA	Mercury Compounds IgG+IgA
Hg-C-IgM	Mercury Compounds IgM
Hp-Ab	Helicobacter pylori antibody
Hp-IgG	Helicobacter pylori antibody IgG
HpAg	Helicobacter pylori Antigen
Hu	Anti - neuronal nuclear antibody type 1
I. buetschlii	Iodamoeba buetschlii
IA - 2 Ab	IA-2 Autoantibody
IA-2A	protein tyrosine phosphatase antibody
IAA	insulin autoantibody
IC - IgG+IgA	Isocyanate IgG+IgA
IC - IgM	Isocyanate IgM
ICA	islet cellular antibody
IF	Intrinsic Factor
IFN-α	Interferon-alpha
IFN-γ	Interferon-Gamma
IG#	Immunogranular Cell Absolute Value
IG%	Immature Granulocyte Percentage
IGF-1	Insulin-like Growth Factor 1
IL-10	Interleukin-10
IL-12p70	Interleukin-12p70
IL-17	Interleukin-17
IL-1β	Interleukin-1Beta
IL-2	Interleukin-2
IL-4	Interleukin-4
IL-5	Interleukin-5
IL-6	Interleukin-6
IL-8	Interleukin-8
INR	International Normalized Ratio
IUR	Iron Utilization Rate
IgA-ACA	IgA anti-cardiolipin antibody
IgD	Immunoglobulin D
IgE	Immunoglobulin E
IgG-ACA	IgG anti-cardiolipin antibody
IgG/成纤维细胞生长因子受体3	IgG vs FGFR3
IgG/硫酸脑苷脂	IgG vs Sulfatide
IgG1	IgG Subclass1
IgG2	IgG Subclass2
IgG3	IgG Subclass3
IgM-ACA	IgM anti-cardiolipin antibody
Ins	Inositol
I型前胶原氨基端前肽	N-terminal peptide of type I procollagen
Jo-1	Histidyl-tRNA Synthetase Antibodies
Jo-1-Ab	Anti-Jo-1 antibody
Jo-1抗体	Histidyl-tRNA Synthetase Antibodies
K+	Potassium
L. spp.	Lactobacillus spp.
LA	Linoleic 18:2n6
LA/DGLA	Linoleic / DGLA 18:2 n6 / 20:3 n6
LCFA	Long-Chain Fatty Acids
LDL-C	Low-Density Lipoprotein Calculated
LGI1-Ab	Anti-leucine-rich glioma-inactivated 1 protein antibody
LH	Luteinizing Hormone
LHRH	Luteinizing Hormone-Releasing Hormone
LPS - IgA	Lipopolysaccharides (LPS) IgA
LPS - IgG	Lipopolysaccharides (LPS) IgG
LPS - IgM	Lipopolysaccharides (LPS) IgM
LYM%	Lymphocytes Percentage
Lp(a)	Lipoprotein(a)
Lp-PLA2	Lipoprotein-Associated Phospholipase A2
Lymph#	Lymphocyte Absolute Value
M. tuberculosis	Mycobacterium tuberculosis
MCH	Mean Corpuscular Hemoglobin
MCHC	Mean Corpuscular Hemoglobin Concentration
MCV	Anti-Mutated Citrullinated Vimentin
MCV	Mean Corpuscular Volume
MDA-5-Ab	Anti-melanoma differentiation-associated protein 5 antibody
MDA5-Ab	Anti-melanoma differentiation-associated gene 5 antibody
MHM - IgG+IgA	Mixed Heavy Metals IgG+IgA
MHM-IgM	Mixed Heavy Metals IgM
MID%	Intermediate Cell Percentage
MONO%	Monocyte Percentage
MP	Myocardial Peptide
MPV	Mean Platelet Volume
MUFA	Total Monounsaturated Fatty Acid
Mb	Myoglobin
MetHb	Methemoglobin
Mi-2α-Ab	Anti-Mi-2α antibody
Mi-2β-Ab	Anti-Mi-2β antibody
Mid#	Intermediate Cell Absolute Value
Mn	Manganese
Mo	Molybdenum
Mono#	Monocyte Absolute Value
N1 睡眠潜伏期（分钟）	Sleep Latency N1 [m]
N2 睡眠潜伏期（分钟）	Sleep LatencyN2[m]
NA	Nervonic 24:1n9
NA	Norepinephrine
NBAP	Bone Alk. Phosphatase
NEUT%	Neutrophil Percentage
NGP - A - IgA	Non-Gluten Proteins A IgA
NGP - A - IgG	Non-Gluten Proteins A IgG
NGP - B - IgA	Non-Gluten Proteins B IgA
NGP - B - IgG	Non-Gluten Proteins B IgG
NLR	Neutrophil-to-Lymphocyte Ratio
NMP22	Nuclear Matrix Protein-22
NPY	Neuropeptide Y
NRBC#	Absolute value of nucleated red blood cells
NRBC%	Nucleated Red Blood Cell Percentage
NSE	Neuron-Specific Enolase
NV	Norovirus
NXP-2-Ab	Anti-NXP-2 (P140) antibody
NX蛋白家族成员2抗体	Nuclear Matrix Protein 2 Antibodies
Na+	Sodium
Neut#	Neutrophil Absolute Value
N端中分子片段骨钙素	N-MID osteocalcin
O. formigenes	Oxalobacter formigenes
OA	Oleic 18:1n9
OA	Oleic Acid
OC	Osteocalcin
OC	Osteocyte
Ocln/Zon - IgA	Occludin/Zonulin IgA
Ocln/Zon - IgG	Occludin/Zonulin IgG
Ocln/Zon - IgM	Occludin/Zonulin IgM
Odo. spp	Odoribacter spp
Ov/Tes	Ovary/Testis
P-III-NP	Procollagen III N-Terminal Peptide
P-LCR	platelet large cell ratio
P. spp	Paragonimus spp.
P. spp.	Pseudoflavonifractor spp.
P/Q型钙通道抗体	P/Q-Type Calcium Channel Ab
PA	Prealbumin
PA Ab	Pseudomonas aeruginosa Antibody
PATH	Pathological Casts
PB-IgG+IgA	Parabens IgG+IgA
PB-IgM	Parabens IgM
PC	Protein C
PC + ATPase	Parietal Cell + ATPase
PCA-1	Anti - Purkinje cell antibody type 1
PCA-1	Purkinje Cell Antibody Type 1
PCA-1抗体	Purkinje Cell Antibody Type 1
PCA-2	Anti - Purkinje cell antibody type 2
PCA-2	Purkinje Cell Antibody Type 2
PCA-2抗体	Purkinje Cell Antibody Type 2
PCA-3	Anti - Purkinje cell antibody type 3
PCA-Tr	Purkinje Cell Antibody-Tr
PCA-Tr抗体	Purkinje Cell Antibody-Tr
PCE-IgG+IgA	Tetrachloroethylene IgG+IgA
PCE-IgM	Tetrachloroethylene IgM
PCO2	Partial Pressure of Carbon Dioxide
PCO2(T)	Temperature-Corrected Partial Pressure of Carbon Dioxide
PCT	Platelet crit
PCT	Procalcitonin
PDW	Platelet Distribution Width
PE1	Pancreatic Elastase 1 †
PG	Platelet Glycoprotein
PGD2	Prostaglandin D2
PGI	Pepsinogen I
PGI/II	Pepsinogen I/II Ratio
PGII	Pepsinogen II
PH	PH Value
PH值	PH Value
PINP	N-terminal peptide of type I procollagen
PIP	Proline Iminopeptidase
PIVKA-II	Abnormal Prothrombin
PL-12 Ab	Prolyl-tRNA synthetase antibody
PL-12-Ab	Anti-PL-12 antibody
PL-7 Ab	Threonyl-tRNA synthetase antibody
PL-7-Ab	Anti-PL-7 antibody
PLG	Plasminogen
PLT	Platelet count
PM/Scl-100-Ab	Anti-PM/Scl-100 antibody
PM/Scl-75-Ab	Anti-PM/Scl-75 antibody
PMG	Glyphosate
PO2	Partial Pressure of Oxygen
PO4^3-	Phosphate
POA	Palmitoleic
PPB	Products of Protein Breakdown (Total）
PRL	Prolactin
PS	Protein S
PSA	Prostate Specific Antigen
PSAV	Prostate-Specific Antigen Velocity
PT	prothrombin time
PT-CON	Activated Partial Thromboplastin Time Control
PTA	Prothrombin Time Activity
PTH	Parathyroid Hormone
PTR	Prothrombin Time Ratio
PTT	partial thromboplastin time
PUFA	Total Polyunsaturated Fatty Acid
Pb	Lead
Pr%	Propionate %
Prev. spp	Prevotella spp
Pro-BNP	Pro-B-Type Natriuretic Peptide
ProGRP	Progastrin-releasing peptide
Pv	Phocaeicola vulgatus
R. bromii	Ruminococcus bromii
R. spp.	Roseburia spp.
RBC	Red Blood Cells
RBCI	Red Blood Cell Information
RDW	Red blood cell distribution width
RDW-CV	Red blood cell distribution width - coefficient of variation
RDW-SD	Red Cell Distribution Width-Standard Deviation
RF	Rheumatoid Factor
RLP-C	Remnant-Like Lipoprotein Cholesterol
RSV A型抗原	Respiratory Syncytial Virus Type A Antigen
RSV B型抗原	Respiratory Syncytial Virus Type B Antigen
Ri	Anti - neuronal nuclear antibody type 2
Ro52-Ab	Anti-Ro52 antibody
S. aureus	Staphylococcus aureus
S. spp	Schistosoma spp.
S. spp.	Salmonella spp.
S. sterc	Strongyloides stercoralis
SAA	Serum Amyloid A
SBE	Standard base excess
SCCA	Squamous Cell Carcinoma Antigen
SCFA	Short-Chain Fatty Acids (SCFA) (Total*) (Acetate, n-Butyrate, Propionate)
SCL-70-Ab	Anti-SCL-70 antibody
SFA	Total Saturated Fatty Acid
SGA	Sialyl Lewis X Antigen
SHBG	Sex Hormone - Binding Globulin
SRC	Small Round Epithelial Cells
SRP-Ab	Anti-SRP antibody
SS-A	Sjögren's Syndrome Antigen A
SS-B	Sjögren's Syndrome Antigen B
Scl-70	Scleroderma-70 Antibodies
Se	Selenium
Sh. spp.	Shigella spp.
Sm	Smith Antigen
Sm/RNP	Smith/Ribonucleoprotein Antibodies
Sm/RNP抗体	Smith/Ribonucleoprotein Antibodies
SpO2	Oxygen Saturation
Syn	Synapsin
T	Testosterone
T Cells	T Lymphocytes
T 淋巴细胞绝对计数	Absolute T Lymphocyte Count
T 细胞 / B 细胞比值	T Cell/B Cell Ratio
T 细胞百分比	% T Cell
T. trichi	Trichuris trichiura
T/B ratio	T Cell/B Cell Ratio
T3	Triiodothyronine
T4	Thyroxine
TBBPA - IgG+IgA	Tetrabromobisphenol A IgG+IgA
TBBPA-IgM	Tetrabromobisphenol A IgM
TBC	Total B Cell
TBG	Thyroxine-binding Globulin
TBil	Bilirubin Total
TBil	Total Bilirubin
TC	Total Carnitine
TC	Total Cholesterol
TCO2(B)	Total carbon dioxide (B)
TCT(CD8)C	Total Cytotoxic (CD8) T Cell
TCTNKC	Total Cytotoxic NK cells
TE	Total Estrogen
TG	Thyroglobulin
TG2 - IgA	Transglutaminase-2 IgA
TG2 - IgG	Transglutaminase-2 IgG
TG3 - IgA	Transglutaminase-3 IgA
TG3 - IgG	Transglutaminase-3 IgG
TG6 - IgA	Transglutaminase-6 IgA
TG6 - IgG	Transglutaminase-6 IgG
TGAb	Thyroglobulin Antibodies
TH1/TH2 ratio	TH1/TH2 Ratio
TH1/TH2 比值	TH1/TH2 Ratio
TIBC	Total Iron Binding Capacity
TIF1 - γ Ab	TIF1-γ
TK值	Thrombelastography K Value
TLC	Total Lymphocyte
TM	Tropomyosin
TMA&PA - IgG+IgA	Trimellitic and Phthalic Anhydrides IgG+IgA
TMA&PA - IgM	Trimellitic and Phthalic Anhydrides IgM
TNF-α	Tumor Necrosis Factor-Alpha
TNKC	Total NK Cell
TNKT	Total NKT
TPO - IgG	Thyroid Peroxidase IgG
TPO Ab	Anti-thyroid peroxidase antibody
TPOAb	Thyroid Peroxidase Antibodies
TPS	Tissue Polypeptide-Specific Antigen
TRAb	Thyroid Stimulating Hormone Receptor Antibodies
TRF	Fecal transferrin
TRF	Transferrin
TRH	Thyrotropin-Releasing Hormone
TRTC	Total Regulatory T Cell
TSH	Thyroid Stimulating Hormone
TT	Thrombin Time
TT-CON	Thrombin Time Control
TT3	Total Triiodothyronine
TT4	Total Thyroxine
TTC	Total T Cell
TTH(CD4)C	Total T-Helper (CD4) Cell
TTH17C	Total T-Helper-17
TTH1C	Total T-Helper-1 Cell
TTH2C	Total T-Helper-2 Cell
Taenia	Taenia spp.
Tg - IgG	Thyroglobulin IgG
Th17/Treg ratio	Th17/Treg Ratio
ToxoIgG	Toxoplasma gondii IgG antibody
ToxoIgM	Toxoplasma gondii IgM antibody
Trich	Trichomonads (e.g. Pentatrichomonas)
T淋巴细胞	T Lymphocytes
V. cholerae	Vibrio cholerae
V. spp.	Veillonella spp.
VA	Vaccenic
VA	Vitamin A
VB1	Vitamin B1
VB12	Vitamin B12
VB2	Vitamin B2
VB3	Vitamin B3
VB5	Pantothenate
VB6	Vitamin B6
VC	Vitamin C
VD3	Vitamin D3
VE	Vitamin E
VK2	Vitamin K2
VMA	Vanillylmandelic Acid
W - IgA	Wheat IgA
W - IgG	Wheat IgG
WGA - IgA	Wheat Germ Agglutinin IgA
WGA - IgG	Wheat Germ Agglutinin IgG
Y. enterocolitica	Yersinia enterocolitica
Yo	Anti - neuronal nuclear antibody type 3
ZFP	Zonulin Family Peptide, Stool
Zn	Zinc
Z分数	Z Score
anti-CCP	Anti-cyclic citrullinated peptide antibody
anti-CCP IgG	Anti-Cyclic Citrullinated Peptide IgG antibody
anti-La	Anti-La antibodies
anti-RNP	Anti-ribonucleoprotein antibodies
anti-RNP	Anti-ribonucleoprotein antibody
anti-dsDNA	Anti-Double-Stranded DNA Antibodies
anti-β2GPI Ab	Anti-beta-2-glycoprotein I antibody
cN1A-Ab	Anti-cytosolic 5'-nucleotidase 1A antibody
cTnT	Troponin T
dsDNA	Double-Stranded DNA
fPSA	Free Prostate-Specific Antigen
hCG	total human chorionic gonadotropin
hs-CRP	High Sensitivity C-Reactive Protein
hs-CRP	High-Sensitivity C-Reactive Protein
hs-cTnI	High Sensitivity Cardiac Troponin I
mTG - IgA	Microbial Transglutaminase IgA
mTG - IgG	Microbial Transglutaminase IgG
n/dG33 - IgA	Native & Deamidated Gliadin 33 IgA
n/dG33 - IgG	Native & Deamidated Gliadin 33 IgG
nB%	n-Butyrate %
nBC	n-Butyrate Concentration
oxLDL	Oxidized Low-Density Lipoprotein
rHb	Deoxygenated Hemoglobin
rT3	Reverse Triiodothyronine
sST2	Soluble Growth Stimulation Expressed Gene Protein 2
sTfR	Soluble Transferrin Receptor
sdLDL-C	Small Dense Low-Density Lipoprotein Cholesterol
tPSA	Total Prostate-Specific Antigen
tTG-IgA	Anti-Tissue Transglutaminase IgA Antibodies
tTG-IgG	Anti-Tissue Transglutaminase IgG Antibodies
α - 硫辛酸	Alpha Lipoic Acid
α- M	Alpha-Myosin
α- Tub + β - Tub	Alpha-Tubulin + Beta-Tubulin
α- 亚麻酸	α-Linolenic18:3 n3
α- 微管蛋白 +β- 微管蛋白	Alpha-Tubulin + Beta-Tubulin
α- 肌球蛋白	Alpha-Myosin
α- 酪蛋白+β- 酪蛋白	Alpha-Casein+Beta-Casein
α- 麦醇溶蛋白 17 聚体 IgA	Alpha Gliadin 17-mer IgA
α- 麦醇溶蛋白 17 聚体 IgG	Alpha Gliadin 17-mer IgG
α-HBDH	Alpha-Hydroxybutyrate Dehydrogenase
α-L - 岩藻糖苷酶	α-L-fucosidase
α-亚麻酸（3-顺式）	α-linolenic acid 3-isomer
α-氨基丁酸	α-Aminobutyric Acid
α-氨基己二酸	α-Aminoadipic Acid
α-羟丁酸脱氢酶	Alpha-Hydroxybutyrate Dehydrogenase
α-酮戊二酸/肌酐比	Alpha-ketoglutaric acid/Creatinine Ratio
α1 区	Alpha 1 Zone
α1-微球蛋白	Alpha-1 Microglobulin
α2 区	Alpha 2 Zone
α2-巨球蛋白	Alpha-2 Macroglobulin
αG17 - IgA	Alpha Gliadin 17-mer IgA
αG17 - IgG	Alpha Gliadin 17-mer IgG
β- 葡聚糖	Beta-Glucan
β- 葡萄糖醛酸苷酶	Beta-glucuronidase
β-CTx	β-C-terminal telopeptide of type-I collagen
β-Glu	β-Glucuronidase
β-hCG	Total Beta Human Chorionic Gonadotropin
β-hCG	β-Human Chorionic Gonadotropin
β-丙氨酸	β-Alanine
β-氨基异丁酸	β-Aminoisobutyric Acid
β-羟丁酸	Beta Hydroxybutyrate
β-胶原降解产物	β-C-terminal telopeptide of type-I collagen
β-葡萄糖醛酸	β-Glucuronidase
β1 区	Beta 1 Zone
β2 区	Beta 2 Zone
β2M	Beta-2 Microglobulin
β2M	Serum β2-Microglobulin
β2微球蛋白(尿)	Beta-2 Microglobulin
γ 区	Gamma Zone
γ- 亚麻酸 18:3 n-6	γ-Linolenic 18:3 n6
γ- 麦醇溶蛋白 15 聚体 IgA	Gamma Gliadin 15-mer IgA
γ- 麦醇溶蛋白 15 聚体 IgG	Gamma Gliadin 15-mer IgG
γ-亚麻酸（6-顺式）	γ-linolenic acid 6-isomer
γ-氨基丁酸	γ-Aminobutyric Acid
γ-谷氨酰转移酶	Gamma-glutamyl transferase
γG15 - IgA	Gamma Gliadin 15-mer IgA
γG15 - IgG	Gamma Gliadin 15-mer IgG
ω- 麦醇溶蛋白 17 聚体 IgA	Omega Gliadin 17-mer IgA
ω- 麦醇溶蛋白 17 聚体 IgG	Omega Gliadin 17-mer IgG
ω-3	Omega-3 Index
ω-3 脂肪酸占比	%Omega-3s
ω-6	Omega-6s /Omega-3s
ω-6 占比	% Omega-6s
ω-6 脂肪酸占比	% Omega-6s
ω-9 占比	% Omega-9s
ω-9 脂肪酸占比	% Omega-9s
ωG17 - IgA	Omega Gliadin 17-mer IgA
ωG17 - IgG	Omega Gliadin 17-mer IgG
Ⅲ型前胶原N端肽	Procollagen III N-Terminal Peptide
Ⅳ型胶原	Collagen Type IV
⼈纤维蛋⽩原降解产物	Human fibrinogen degradation product
一般信息-医生、出入院日期	General information：attending physician, admission date, discharge date
一般情况	General
丁二酰丙酮/肌酐比	Succinyl-acetone/CRE
丁香	Clove
三文鱼	Salmon
三烯四烯比率	Triene - Tetraene Ratio
三碘甲状腺原氨酸	Triiodothyronine
专科检查	Specialist examination
丙二酰肉碱	Malonylcarnitine (C3-DC)
丙型肝炎病毒RNA	Hepatitis C Virus RNA
丙型肝炎病毒抗体	Hepatitis C Virus Antibodies
丙型肝炎病毒核心抗原	Hepatitis C Virus Core Antigen
丙氨酸	Alanine
丙氨酸氨基转移酶	Alanine Aminotransferase
丙氨酸氨基转移酶	Alanine aminotransferase
丙烯酰肉碱	Propenoylcarnitine, C3:1
丙酮酸	Pyruvic acid
丙酮酸/肌酐比	Pyruvic acid/Creatinine Ratio
丙酰基	Propionyl (C3)
丙酰肉碱	Propionylcarnitine
丙酸盐百分比	Propionate %
严重急性呼吸综合征冠状病毒 2 型核糖核酸	SARS-CoV-2 RNA
个人信息	Personal Information
个人史	Personal History
中性淋巴比值	Neutrophil-to-Lymphocyte Ratio
中性粒细胞百分比	Neutrophil Percentage
中性粒细胞绝对值	Neutrophil Absolute Value
中枢性的	Central
中间细胞百分比	Intermediate Cell Percentage
中间细胞绝对值	Intermediate Cell Absolute Value
主诉	chief complaint
乙型流感病毒	Influenza B Virus
乙型肝炎病毒抗体	Hepatitis B antibodies
乙型肝炎病毒抗原	Hepatitis B Virus Antigen
乙基丙二酸/肌酐比	Ethylmalonic acid/Creatinine Ratio
乙肝e抗体	Hepatitis B e Antibody
乙肝e抗原	Hepatitis B e Antigen
乙肝核心抗体	Hepatitis B Core Antibody
乙肝表面抗体计数	Anti-HBs count
乙肝表面抗原	Hepatitis B Surface Antigen
乙酰乙酸/肌酐比	Acetoacetic acid/Creatinine Ratio
乙酰氨基己糖糖苷酶	N-acetyl-hexosaminidase
乙酰胆碱	Acetylcholine
乙酸盐百分比	Acetate %
乙醇胺	Ethanolamine
乳头瘤病毒	Human Papillomavirus
乳房	Breasts
乳杆菌属	Lactobacillus spp.
乳清蛋白	Whey Protein
乳糜微粒	Chylomicron
乳酸/肌酐比	Lactic acid/Creatinine Ratio
乳酸杆菌	Lactobacillus
乳香树胶 + 阿拉伯胶	Mastic Gum + Gum Arabic
二十二碳四烯酸	Docosatetraenoic Acid
二十二碳四烯酸 22:4 n-6	Docosatetraenoic 22:4 n6
二十二碳烯酸	Erucic acid
二十碳三烯酸	Eicosatrienoic Acid
二十碳二烯酸 20:2 n-6	Eicosadienoic 20:2 n6
二氧化碳分压	Partial Pressure of Carbon Dioxide
二氧化碳总量（B）	Total carbon dioxide (B)
二高 -γ- 亚麻酸 20:3 n-6	Dihomo-γ-linolenic 20:3 n6
五分熟牛肉	Beef, cooked medium
亚油酰肉碱	LINOYLEYLCARNITINE C18:2
亚油酸 / 二高 γ- 亚麻酸	Linoleic / DGLA 18:2 n6 / 20:3 n6
亚油酸 18:2 n-6	Linoleic 18:2n6
亚油酸/肌酐比	Linoleic acid/Creatinine Ratio
亚油酸（6-顺式）	Linoleic acid 6-isomer
亚硝酸盐	Nitrite
亚胺培南	Imipenem
亚麻籽	Flax Seed
交链孢霉	Alternaria
产气单胞菌	Aeromonas
产气柯林斯氏菌	Collinsella aerofaciens
产气肠杆菌	Enterobacter aerogenes
产气荚膜梭菌	Clostridium perfringens
产甲酸草酸杆菌	Oxalobacter formigenes
亮氨酸	Leucine
人乳头瘤病毒11型	Human Papillomavirus Type 11
人乳头瘤病毒16型	Human Papillomavirus type 16
人乳头瘤病毒18型	Human Papillomavirus Type 18
人乳头瘤病毒23型	Human Papillomavirus type 23
人乳头瘤病毒31型	Human Papillomavirus type 31
人乳头瘤病毒33型	Human Papillomavirus Type 33
人乳头瘤病毒35型	Human Papillomavirus Type 35
人乳头瘤病毒39型	Human Papillomavirus Type 39
人乳头瘤病毒42型	Human Papillomavirus Type 42
人乳头瘤病毒43型	Human Papillomavirus Type 43
人乳头瘤病毒44型	Human Papillomavirus Type 44
人乳头瘤病毒46型	Human Papillomavirus type 46
人乳头瘤病毒51型	Human Papillomavirus Type 51
人乳头瘤病毒52型	Human Papillomavirus Type 52
人乳头瘤病毒56型	Human Papillomavirus Type 56
人乳头瘤病毒58型	Human Papillomavirus Type 58
人乳头瘤病毒59型	Human Papillomavirus Type 59
人乳头瘤病毒66型	Human Papillomavirus Type 66
人乳头瘤病毒68型	Human Papillomavirus type 68
人乳头瘤病毒6型	Human Papillomavirus Type 6
人乳头瘤病毒82型	Human Papillomavirus Type 82
人乳头瘤病毒83型	Human Papillomavirus Type 83
人乳头瘤病毒8型	Human Papillomavirus Type 8
人巨细胞病毒核酸检测	Human Cytomegalovirus Nucleic Acid Test
人类免疫缺陷病毒（艾滋病病毒）抗体	Human Immunodeficiency Virus (HIV) Antibody
人类疱疹病毒 6 型脱氧核糖核酸	Human Herpesvirus 6 Deoxyribonucleic Acid
人类白细胞抗原-DQ2	Human Leukocyte Antigen-DQ2
人结肠厌氧截短菌 / 马赛厌氧截短菌	Anaerotruncus colihominis/massiliensis
人芽囊原虫	Blastocystis hominis
人附睾蛋白4浓度	Human Epididymis Protein 4
会诊记录	Consult notes
低密度脂蛋白/高密度脂蛋白比率	LDL/HDL Ratio
低密度脂蛋白胆固醇	Low-Density Lipoprotein Calculated
低密度脂蛋白颗粒数	Low-Density Lipoprotein Particle Number
体外血栓干重	In Vitro Thrombus Dry Weight
体外血栓形成	In Vitro Thrombosis Formation
体外血栓湿重	In Vitro Thrombus Wet Weight
体外血栓长度	In Vitro Thrombus Length
体温	Temperature
体脂肪量	Body fat mass
体重指数	BMI
使用药物	Administered medications
便潜血	fecal occult blood test
促卵泡激素	Follicle-Stimulating Hormone
促甲状腺激素	Thyroid Stimulating Hormone
促甲状腺激素受体抗体	Thyroid Stimulating Hormone Receptor Antibodies
促甲状腺激素释放激素	Thyrotropin-Releasing Hormone
促肾上腺皮质激素释放激素	Corticotropin-Releasing Hormone
促肾上腺皮质激素（16:00）	Adrenocorticotropic Hormone (4 PM)
促肾上腺皮质激素（8:00）	Adrenocorticotropic Hormone (8:00 AM)
促黄体生成素释放激素	Luteinizing Hormone-Releasing Hormone
假黄瘤胃球菌属	Pseudoflavonifractor spp.
偏苯三酸酐和邻苯二甲酸酐 IgG+IgA	Trimellitic and Phthalic Anhydrides IgG+IgA
偏苯三酸酐和邻苯二甲酸酐 IgM	Trimellitic and Phthalic Anhydrides IgM
健康指导	Health Guidance
健康评分	Fitness score
催乳素	Prolactin
免疫球蛋白(尿)IgA	Immunoglobulin A (IgA) in urine
免疫球蛋白(尿)IgG	Immunoglobulin (Urine) IgG
免疫球蛋白(尿)IgM	Immunoglobulin M (Urine)
免疫球蛋白D	Immunoglobulin D
免疫球蛋白E	Immunoglobulin E
免疫颗粒细胞百分比	Immature Granulocyte Percentage
免疫颗粒细胞绝对值	Immunogranular Cell Absolute Value
入院前用药	Prior to admission medications
入院原因	Reason
全⾎粘度1	Whole Blood Viscosity 1
全⾎粘度200	Whole Blood Viscosity 200
全⾎粘度30	Whole Blood Viscosity 30
全⾎粘度5	Whole Blood Viscosity 5
全血低切相对指数	Whole Blood Low - shear Relative Index
全血低切还原粘度	Whole Blood Low - shear Reduced Viscosity
全血比粘度	Whole Blood Viscosity
全血碱剩余	Base Excess
全血粘度测定-全血粘度（50中切）	Whole Blood Viscosity (50 - Medium - shear)
全血粘度测定-全血粘度（5低切）	Whole Blood Viscosity (5 - Low - shear)
全血粘度测定-全血粘度（低切）	Whole Blood Viscosity(Low-Shear)
全血粘度（高切）	Whole Blood Viscosity (High - shear)
全血还原粘度	Reduced Viscosity of Whole Blood
全血高切相对指数	Whole Blood High - shear Relative Index
全血高切还原粘度	Whole Blood High - shear Reduced Viscosity
八碳二烯酰肉碱	OCTANEDIOYLCA C8-DC
关节炎肽	Arthritic Peptide
其他	other topics
其它成分	Other
内啡肽	Endorphin
内因子	Intrinsic Factor
内生肌酐清除率	Endogenous Creatinine Clearance Rate
内科其他	Others in Internal Medicine
内脏脂肪组织	Visceral Adipose Tissue
冲泡后的咖啡豆蛋白	Coffee Bean Protein, brewed
冲泡后的红茶	Black Tea, brewed
冲泡后的绿茶	Green Tea, brewed
凝血因子II	Coagulation Factor II
凝血因子IX	Coagulation Factor IX
凝血因子V	Coagulation Factor V
凝血因子X	Coagulation Factor X
凝血因子XI	Coagulation Factor XI
凝血因子XII	Coagulation Factor XII
凝血酶原时间	prothrombin time
凝血酶原时间比值	Prothrombin Time Ratio
凝血酶原时间活动度	Prothrombin Time Activity
凝血酶时间	Thrombin Time
凝血酶时间对照	Thrombin Time Control
出芽短梗霉抗体	Aureobasidium pullulans Antibody
出院医嘱	Discharge orders
出院带药	Medications at the time of discharge
出院指导	Discharge instruction
出院指导	Discharge instructions
出院计划	Discharge plan
分析停止时间（熄灯时间）	Analysis Stop Time (Lights on)
分析开始时间（熄灯时间）	Analysis Start Time (Lights out)
分析持续时间（总记录时间，TRT）	Analysis Duration (TRT)
分枝孢霉	Cladosporium herbarum
刺柏	Juniper
刺槐豆胶	Locust Bean Gum
前体B型利钠肽	Pro-B-Type Natriuretic Peptide
前列腺特异性抗原密度	Prostate-Specific Antigen Density
前列腺特异性抗原速率	Prostate-Specific Antigen Velocity
前列腺特异抗原	Prostate Specific Antigen
前列腺素D2	Prostaglandin D2
前列腺（外科）	Prostate (Surgical)
前白蛋白	Prealbumin
剪接因子相关的抗体	Splicing Factor-Related Antibodies
副流感病毒	Parainfluenza Virus
功能残气量	Functional Residual Capacity
动脉硬化指数	Arteriosclerosis Index
动脉血氧含量	Arterial Oxygen Content
包虫IgG抗体	Echinococcus granulosus IgG antibody
化生细胞	Metaplastic Cells
医生	physician
医疗决策	Medical decision making
医疗团队	Care team
十二烯酰肉碱	DODECENOYLCARNITINE C12:1
十二碳二烯酰肉碱	DODECANEDIOY C12-DC
十二酰基	Dodecanoyl (C12)
十六碳一烯酰肉碱	HEXADECENOYLCARNITINE C16:1
十六碳烯酸（9-顺式）	Hexadec-9-enoic acid
十六酰基	Hexadecanoyl (C16)
十四碳一烯酰肉碱	TETRADECENOYLCARNITINE C14:1
十四碳二烯酰肉碱	TETRADECANDIENOYLCARN C14:2
十四酰基	Tetradecanoyl (C14)
半胱氨酸亚砜	Cysteine Sulfoxide
华支睾吸虫属 / 后睾吸虫属	Clonorchis/Opisthorchis spp.
单形拟杆菌	Bacteroides uniformis
单核细胞百分比	Monocyte Percentage
单核细胞绝对值	Monocyte Absolute Value
单纯疱疹病毒I型IgG抗体	Herpes Simplex Virus Type I IgG Antibody
单纯疱疹病毒I型IgM抗体	Herpes Simplex Virus Type I IgM Antibody
单纯疱疹病毒Ⅱ型IgG抗体	Herpes Simplex Virus Type II IgG Antibody
单纯疱疹病毒Ⅱ型IgM抗体	Herpes Simplex Virus Type II IgM Antibody
卡拉胶	Carrageenan
卵巢 / 睾丸	Ovary/Testis
卵磷脂小体	Lecithin Corpuscles
厄他培南	Ertapenem
厌氧链球菌	Anaerobic Streptococci
原肌球蛋白	Tropomyosin
去甲肾上腺素	Norepinephrine
去脂体重	Fat-free mass
去脂体重指数	Fat-Free Mass Index
双歧杆菌属	Bifidobacterium spp.
双歧杆菌（厌氧培养）	Bifidobacterium (Anaerobic Culture)
双载蛋白抗体	Amphiphysin antibody
双酚 A IgG+IgA	Bisphenol A IgG+IgA
双酚 A IgM	Bisphenol A IgM
双酚 A 结合蛋白 IgG+IgA	BPA Binding Protein IgG+IgA
双酚 A 结合蛋白 IgM	BPA Binding Protein IgM
双链DNA	Double-Stranded DNA
反丁烯二酸/肌酐比	Maleylic acid/Creatinine Ratio
反三碘甲状腺原氨酸	Reverse Triiodothyronine
反式-11-十八碳烯酸	Trans-11-eicosenoic acid
反式油酸	Elaidic 18:1 n9t
反油酸	Vaccenic
受限；限制	limitation
口腔科其他	Others in Stomatology
口腔粘膜	Oral Mucosa
可溶性生长刺激表达基因蛋白2	Soluble Growth Stimulation Expressed Gene Protein 2
可溶性转铁蛋白	Soluble Transferrin Receptor
右腿	Right leg
右臂	Right arm
同型半胱氨酸	Homocysteine
吡哆醇	Vitamin B6
听力	Hearing
吸氧浓度	Fraction of Inspired Oxygen
呋喃妥因	Nitrofurantoin
呼吸	Breath
呼吸努力相关微觉醒	RERAs
呼吸暂停和呼吸浅慢（事件）	A+H
呼吸浅慢	Hypopnea
呼吸紊乱指数	RDI
呼吸道合胞病毒	Respiratory Syncytial Virus
呼吸道合胞病毒IgM抗体	Respiratory Syncytial Virus IgM Antibody
呼气峰值流量	Peak Expiratory Flow Rate
咽	Pharynx
哈密瓜 + 白兰瓜	Cantaloupe + Honeydew Melon
哈氏内阿米巴	Entamoeba hartmanii
哌拉西林	Piperacillin
唇	Lips
啤酒酵母	beer yeast
喝酒史	alcohol consumption history
嗜碱性粒细胞百分比	Basophil Percentage
嗜碱性粒细胞绝对值	Basophil,Absolute
嗜肺军团菌IgM抗体	Legionella pneumophila IgM antibody
嗜酸性粒细胞百分比	Eosinophil Percentage
嗜酸性粒细胞绝对值	Eosinophil Absolute Value
嗜酸性粒细胞蛋白 X†	Eosinophil Protein X (EPX)†
嗜黏蛋白阿克曼氏菌	Akkermansia muciniphila
四氯乙烯 IgG+IgA	Tetrachloroethylene IgG+IgA
四氯乙烯 IgM	Tetrachloroethylene IgM
四溴双酚 A IgG+IgA	Tetrabromobisphenol A IgG+IgA
四溴双酚 A IgM	Tetrabromobisphenol A IgM
四碘甲状腺原氨酸	Thyroxine
四肢关节	Extremity joints
四肢骨骼肌指数	Appendicular Skeletal Muscle Index
国际标准化比值	International Normalized Ratio
土豆	Potato
坚果混合	Mixed nuts
基础代谢率	Basal metabolic rate
壁细胞 + 腺苷三磷酸酶	Parietal Cell + ATPase
复方新诺明	Co-Trimoxazole
夏科 - 莱登结晶	Charcot-Leyden Crystals
外生殖器	External genitalia
外眼	External eye
外科其他	Others in Surgery
外耳	External Ear
外耳道	External Auditory Canal
多巴胺	Dopamine
大米	Rice
大米	rice
大米蛋白	Rice Protein
大肠埃希氏菌	Escherichia coli
大肠埃希菌	Escherichia coli
大肠杆菌	Escherichia coli
大蒜	Garlic
大蒜	garlic
大血小板比例	platelet large cell ratio
大豆	Soy
大豆	Soybean
大豆凝集素	Soybean Agglutinin
大豆油质蛋白 + 水通道蛋白	Soybean Oleosin + Aquaporin
大麻	Hemp
天冬氨酸	Aspartic acid
天然及脱酰胺麦醇溶蛋白 33 IgA	Native & Deamidated Gliadin 33 IgA
天然及脱酰胺麦醇溶蛋白 33 IgG	Native & Deamidated Gliadin 33 IgG
天门冬氨酸氨基转移酶	Aspartate Aminotransferase
头孢他啶	Ceftazidime
头孢吡肟	Cefepime
头孢唑林	Cefazolin
头孢曲松	Ceftriaxone
头孢替坦	Cefotetan
奇亚籽	Chia Seed
女性46XX	Female 46XX
妥布霉素	Tobramycin
姜	Ginger
姜	ginger
姜黄	Turmeric (Curcumin)
婚姻状况	marital status
孕酮	Progesterone
孜然	Cumin
实际碱剩余	Actual base excess
实际碳酸氢根浓度	Actual Bicarbonate
寄生虫	Parasites
寄生虫卵	Parasitic Ova
富含亮氨酸的胶质瘤灭活蛋白1抗体	Anti-leucine-rich glioma-inactivated 1 protein antibody
对羟基苯甲酸酯 IgG+IgA	Parabens IgG+IgA
对羟基苯甲酸酯 IgM	Parabens IgM
小圆上皮细胞	Small Round Epithelial Cells
小扁豆凝集素	Lentil Lectin
小清蛋白	Parvalbumin
小米	Millet
小而密低密度脂蛋白胆固醇	Small Dense Low-Density Lipoprotein Cholesterol
小肠结肠炎耶尔森菌	Yersinia enterocolitica
小脑的	Cerebellar
小麦	Wheat
小麦 + α- 麦醇溶蛋白	Wheat + Alpha-Gliadins
小麦 IgA	Wheat IgA
小麦 IgG	Wheat IgG
小麦胚芽凝集素 IgA	Wheat Germ Agglutinin IgA
小麦胚芽凝集素 IgG	Wheat Germ Agglutinin IgG
尘螨	Dust Mite
就诊诊断	Visit diagnoses
尿N-乙酰-β-D-氨基葡萄糖苷酶	N-Acetyl-β-D-Glucosaminidase in Urine
尿α1微球蛋白	Alpha-1 Microglobulin in Urine
尿妊娠试验	Urine pregnancy test
尿核基质蛋白	Urine Nuclear Matrix Protein
尿沉渣	Urine Sediment
尿液电导率	Urine Electrical Conductivity
尿液蛋白免疫电泳	Urine Protein Immunofixation Electrophoresis (Timed)
尿磷	Urinary Phosphorus
尿素氮/肌酐比值	Urea Nitrogen/Creatinine Ratio
尿素酶A	Urease A
尿素酶B	Urease B
尿胆原	Urobilinogen
尿蛋白定量	Urine Protein Quantification
尿转铁蛋白	Urinary Transferrin
尿酸	Uric Acid
尿钙	Urinary Calcium
屋尘	House dust
屋尘螨	House dust mite
山毛榉树	Beech
山羊奶	Goat's Milk
左氧氟沙星	Levofloxacin
左腿	Left leg
左臂	Left arm
巨噬细胞	Macrophages
巨细胞病毒IgG抗体	Cytomegalovirus IgG Antibody
巨细胞病毒IgM抗体	Cytomegalovirus IgM Antibody
己二酸/肌酐比	Adipic acid/Creatinine Ratio
己烯酰肉碱	HEXENOYLCARNIT C6 1
己酰基	Hexanoyl (C6)
巴恩斯氏菌属	Barnesiella spp
布氏嗜碘阿米巴	Iodamoeba buetschlii
布氏瘤胃球菌	Ruminococcus bromii
干扰素α	Interferon-alpha
干扰素γ	Interferon-Gamma
干燥综合征抗体SS-A	Sjögren's Syndrome Antigen A
干燥综合征抗体SS-B	Sjögren's Syndrome Antigen B
平均心率（次 / 分钟）	Average HR [bpm]
平均红细胞体积	Mean Corpuscular Volume
平均红细胞血红蛋白浓度	Mean Corpuscular Hemoglobin Concentration
平均红细胞血红蛋白量	Mean Corpuscular Hemoglobin
平均血小板体积	Mean Platelet Volume
平均血浆葡萄糖	mean plasma glucose
并殖吸虫属	Paragonimus spp.
幽门螺旋菌抗体IgG	Helicobacter pylori antibody IgG
幽门螺旋菌现症感染带(特异IgG)	Helicobacter pylori current infection band (specific IgG)
幽门螺杆菌	Helicobacter pylori
幽门螺杆菌抗体	Helicobacter pylori antibody
幽门螺杆菌抗原	Helicobacter pylori Antigen
幽门螺杆菌抗原检测	HpSA - H. pylori
庆大霉素	Gentamicin
庚酰肉碱	Heptanoylcarnitine (C7)
开心果	Pistachio
异丁酰基	Isobutyryl (C4)
异亮氨酸	Isoleucine
异亮氨酸异构体	Isoleucine Isomer
异常凝血酶原	Abnormal Prothrombin
异常结果的解释和建议	Interpretation and Recommendations for Abnormal Results
异形吸虫属 / 次睾吸虫属	Heterophyes/Metagonimus
异戊酰-2-甲基丁酰肉碱	Isovaleryl-2-Methylbutyryl (C5)
异氰酸酯 IgG+IgA	Isocyanate IgG+IgA
异氰酸酯 IgM	Isocyanate IgM
弓形虫IgG	Toxoplasma gondii IgG antibody
弓形虫IgM	Toxoplasma gondii IgM antibody
弥散功能	Diffusion Function
弯曲菌	Campylobacter
影像表现	finding
微小内蜒阿米巴	Endolimax nana
微小膜壳绦虫	Hymenolepis nana
微小隐孢子虫 / 人隐孢子虫	Cryptosporidium parvum/hominis
微生物	Microorganisms
微生物转谷氨酰胺酶 IgA	Microbial Transglutaminase IgA
微生物转谷氨酰胺酶 IgG	Microbial Transglutaminase IgG
微量白蛋白/肌酐比率	Microalb/Creatinine Ratio
心包液与血清LDH比	Pericardial Fluid to Serum LDH Ratio
心包液与血清蛋白比	Pericardial Fluid to Serum Protein Ratio
心律	Cardiac Rhythm
心率	Heart Rate
心肌肽	Myocardial Peptide
心脏风险	Cardiac Risk
心音	Heart Sounds
志贺氏菌属	Shigella spp.
志贺菌	Shigella
快速眼动睡眠潜伏期（分钟）	REM latency [m]
念珠菌	Candida
急诊治疗	ED treatment
急诊病历记录	ED note
急诊过程、数据回顾与解读	ED Course, Data Review & Interpretation
性激素结合球蛋白	Sex Hormone - Binding Globulin
性状	Consistency
性状††	Consistency††
总 B 细胞数	Total B Cell
总 T 细胞数	Total T Cell
总β-人绒毛膜促性腺激素	Total Beta Human Chorionic Gonadotropin
总三碘甲状腺原氨酸	Total Triiodothyronine
总人绒毛膜促性腺激素	total human chorionic gonadotropin
总免疫球蛋白E	Total Immunoglobulin E
总前列腺特异性抗原	Total Prostate-Specific Antigen
总单不饱和脂肪酸	Total Monounsaturated Fatty Acid
总呼吸暂停次数	Total A
总多不饱和脂肪酸	Total Polyunsaturated Fatty Acid
总淋巴细胞数	Total Lymphocyte
总甲状腺素	Total Thyroxine
总睡眠周期（SPT）	Total Sleep Period (SPT)
总睡眠时间	Total sleep time
总细胞毒性自然杀伤细胞数	Total Cytotoxic NK cells
总细胞毒性（CD8）T 细胞数	Total Cytotoxic (CD8) T Cell
总结	Summary
总肉碱	Total Carnitine
总胆固醇	Total Cholesterol
总胆红素	Bilirubin Total
总胆红素	Total Bilirubin
总脂肪酸	Total Fatty Acid
总自然杀伤 T 细胞数	Total NKT
总自然杀伤细胞数	Total NK Cell
总调节性 T 细胞数	Total Regulatory T Cell
总辅助性 T 细胞 1 数	Total T-Helper-1 Cell
总辅助性 T 细胞 17 数	Total T-Helper-17
总辅助性 T 细胞 2 数	Total T-Helper-2 Cell
总辅助性 T 细胞（CD4）数	Total T-Helper (CD4) Cell
总铁结合力	Total Iron Binding Capacity
总雌激素	Total Estrogen
总饱和脂肪酸	Total Saturated Fatty Acid
恶性肿瘤特异生长因子	Tumor Specific Growth Factor
患者活动问题清单	Patient Active Problem List
患者现存问题列表	Patient active problem list
悬铃木	London plane
戊二酰肉碱	Glutarylcarnitine
戊型肝炎抗体IgM	Hepatitis E Virus Antibody IgM
扁桃体	Tonsils
扇贝	Scallop
手术史	Past surgical history
抗D抗体	Anti-D antibody
抗Jo-1抗体	Anti-Jo-1 antibody
抗Jo-1抗体结果	JO1 INTERPRETATION
抗Ku抗体	Anti-Ku antibodies
抗La抗体	Anti-La antibodies
抗MDA-5抗体	Anti-melanoma differentiation-associated protein 5 antibody
抗MI-2抗体	Anti-Mi-2 antibody
抗Mi-2α抗体	Anti-Mi-2α antibody
抗Mi-2β抗体	Anti-Mi-2β antibody
抗NXP-2（P140）抗体	Anti-NXP-2 (P140) antibody
抗OJ抗体	Anti-OJ antibody
抗PL-12抗体	Anti-PL-12 antibody
抗PL-7抗体	Anti-PL-7 antibody
抗PM/Scl-100抗体	Anti-PM/Scl-100 antibody
抗PM/Scl-75抗体	Anti-PM/Scl-75 antibody
抗RNP抗体	Anti-ribonucleoprotein antibodies
抗Ro52抗体	Anti-Ro52 antibody
抗Ro抗体	Anti-Ro antibodies
抗SAE1抗体	Anti-SAE1 antibody
抗SCL-70抗体	Anti-SCL-70 antibody
抗SRP抗体	Anti-SRP antibody
抗Scl-70抗体结果	SCL 70 INTERP
抗Sm抗体	Anti-Smith antibodies
抗β2糖蛋白I抗体	Anti-beta-2-glycoprotein I antibody
抗中性粒细胞胞浆抗体	Anti-neutrophil cytoplasmic antibodies
抗凝血酶III	Antithrombin III
抗双链DNA抗体	Anti-Double-Stranded DNA Antibodies
抗小泛素样修饰激活酶1抗体	Anti-Small Ubiquitin-like Modifier 1 Antibody
抗心磷脂抗体IgA	IgA anti-cardiolipin antibody
抗心磷脂抗体IgG	IgG anti-cardiolipin antibody
抗心磷脂抗体IgM	IgM anti-cardiolipin antibody
抗接触蛋白相关蛋白2抗体	Anti-contactin associated protein-like 2 antibody
抗核周因子	anti-perinuclear factor（APF）
抗核基质蛋白2抗体	Anti-Nuclear Matrix Protein 2 Antibody
抗核抗体	Antinuclear Antibody
抗核抗体筛查	Antinuclear Antibody Screening
抗核糖核蛋白抗体	Anti-ribonucleoprotein antibody
抗环瓜氨酸肽IgG抗体	Anti-Cyclic Citrullinated Peptide IgG antibody
抗环瓜氨酸肽抗体	Anti-cyclic citrullinated peptide antibody
抗瓜氨酸化蛋白IgG抗体	Anti-Citrullinated Protein IgG Antibodies
抗瓜氨酸化蛋白IgG抗体水平	anti-citrullinated protein IgG antibody level
抗神经元核抗体1型	Anti - neuronal nuclear antibody type 1
抗神经元核抗体2型	Anti - neuronal nuclear antibody type 2
抗神经元核抗体3型	Anti - neuronal nuclear antibody type 3
抗神经节苷脂抗体1型	Anti-Ganglioside Antibody Type 1
抗突变型瓜氨酸波形蛋白抗体	Anti-Mutated Citrullinated Vimentin
抗线粒体抗体	Anti-mitochondrial antibody
抗组织转谷氨酰胺酶IgA抗体	Anti-Tissue Transglutaminase IgA Antibodies
抗组织转谷氨酰胺酶IgA抗体水平	Anti TTG IgA Level
抗组织转谷氨酰胺酶IgG抗体	Anti-Tissue Transglutaminase IgG Antibodies
抗细胞核抗原1A抗体	Anti - nuclear antigen 1A antibody
抗缪勒管激素	Anti-Müllerian Hormone
抗肝细胞溶质抗原-1抗体	Anti-liver cytosol type 1 antibody
抗肝肾微粒体抗体	Anti-liver kidney microsomal antibody
抗胞质5'-核苷酸酶1A抗体	Anti-cytosolic 5'-nucleotidase 1A antibody
抗胰岛素抗体	insulin autoantibody
抗脱酰胺醇溶蛋白肽IgA抗体	Anti-Deamidated Gliadin Peptide IgA Antibodies
抗角蛋白抗体	Anti-keratin antibody
抗酿酒酵母抗体 + 抗中性粒细胞胞浆抗体	Anti - Saccharomyces Cerevisiae Antibody + Anti - Neutrophil Cytoplasmic Antibody
抗链球菌溶血素O	Anti-Streptolysin O
抗黑色素瘤分化相关基因5抗体	Anti-melanoma differentiation-associated gene 5 antibody
护士病程记录	Nurse progress notes
护理团队	Care team
抽烟史	smoking history
持续睡眠效率（百分比）	Sustained Sleep Eff. [%]
推荐	recommendation
操作	Procedures
操作程序或手术过程	procedures
新型冠状病毒IgG	Novel Coronavirus IgG
新型冠状病毒IgM抗体	Novel Coronavirus IgM Antibody
无机盐类	Inorganic Salts
无花果	Fig
无麸质酱油	Soy Sauce, gluten-free
既往史	Past Medical History
既往手术史	Past surgical history
日本血吸虫IgG抗体	Schistosoma japonicum IgG antibody
明胶	Gelatin
星状病毒	Astrovirus
普拉梭菌	Faecalibacterium prausnitzii
普通拟杆菌	Phocaeicola vulgatus
普雷沃氏菌属	Prevotella spp
曲霉	Aspergilus
曲霉菌S.维里迪斯抗体	Aspergillus S. viridis antibody
曲霉菌属1型抗体	Aspergillus Type 1 Antibody
曲霉菌属2型抗体	Aspergillus Type 2 Antibody
曲霉菌属3型抗体	Aspergillus Type 3 Antibody
曲霉菌属6型抗体	Aspergillus Type 6 Antibody
曲霉菌抗体	Aspergillus Antibody
最大分钟通气量	Maximum Voluntary Ventilation
最大呼气中期流量	Forced Expiratory Flow at 25-75%
最大心率（次 / 分钟）	Maximum HR [bpm]
最小心率（次 / 分钟）	Minimum HR [bpm]
月桂酸	LAURIC ACID
有核红细胞百分比	Nucleated Red Blood Cell Percentage
有核红细胞绝对值	Absolute value of nucleated red blood cells
木瓜	Papaya
木薯淀粉	Tapioca
未定义的呼吸暂停	Undef A.
杀伤性T淋巴细胞	Cytotoxic T Lymphocyte
杀伤性T淋巴细胞绝对计数	Absolute Cytotoxic T Lymphocyte Count
李凡他试验	Rivanol Test
李子	Plum
杏仁	Almond
杏子	Apricot
杨树	Poplar
果糖敏感性	Fructose Sensitivity
枝孢霉	Cladosporium
枣	Date
染色质抗体	Chromatin Antibodies
柠檬 + 酸橙	Lemon + Lime
柯萨奇病毒A16型IGM抗体	Coxsackievirus A16 IgM Antibody
柯萨奇病毒抗体	Coxsackie Virus Antibody
柳树	Willow
标准碱剩余	Standard base excess
标准碳酸氢根浓度（P）	Standard Bicarbonate(P)
标本满意度	Specimen Satisfaction
标识信息	Identifier
树花粉组合	Tree pollen mix
核基质蛋白-22	Nuclear Matrix Protein-22
核桃	Walnut
核黄素	Vitamin B2
桃	Peach
桃子 + 油桃	Peach + Nectarine
桑树	Mulberry
桤树	Alder
桦	Birch
梅毒抗体	Syphilis Antibody
梅毒螺旋体IgM抗体	Treponema Pallidum IgM Antibody
梧桐	Sycamore
梨	Pear
梯牧草	Timothy Grass
检查名称	examination
检查或治疗的建议	Recommendations for Examination or Treatment
检查所见	finding
检查结果	Results
检查结果	impression
检测结果	Test Results
棕榈油酸	Palmitoleic
棕榈油酸（7-顺式）	Palmitic acid 7-isomer
棕榈酸	Palmitic Acid
椰肉 + 椰汁	Coconut, meat + water
榆树	Elm
樱桃	Cherry
橄榄树	Olive
橙子	Orange
橙汁	Orange Juice
橡树	Oak
橡胶树橡胶蛋白	Latex Hevein
欧米伽 - 3 指数	Omega-3 Index
欧米伽 - 6 系列脂肪酸 / 欧米伽 - 3 系列脂肪酸	Omega-6s /Omega-3s
欧芹	Parsley
正丁酸盐浓度	n-Butyrate Concentration
正丁酸盐百分比	n-Butyrate %
残粒样脂蛋白胆固醇	Remnant-Like Lipoprotein Cholesterol
每小时尿钙排泄	Calcium Excretion per hour
每小时肌酐排泄	creatinine excretion per hour
毛滴虫	Trichomonads (e.g. Pentatrichomonas)
氧分压	Partial Pressure of Oxygen
氧化低密度脂蛋白	Oxidized Low-Density Lipoprotein
氧合血红蛋白	Oxyhemoglobin
氧饱和度	Oxygen Saturation
氨基末端交联肽	N-Terminal Cross-Linked Peptide
氨基末端交联肽末端肽	N-Terminal Cross-Linked Peptide Terminal Peptide
氨曲南	Aztreonam
氨苄西林	Ampicillin
水杨酰肉碱	Salicylcarnitine
水比例	Water Ratio
水稻内切几丁质酶	Rice Endochitinase
汞	Mercury
汞化合物 IgG+IgA	Mercury Compounds IgG+IgA
汞化合物 IgM	Mercury Compounds IgM
沉渣病理管型	Pathological Casts in Sediment
沉渣白细胞	White Blood Cells in Sediment
沉渣红细胞	Red Blood Cells in Sediment
沉渣草酸盐一水合物	Oxalate Monohydrate in Sediment
沉渣草酸盐二水合物	Oxalate Dihydrate in Sediment
沉渣透明管型	Hyaline Casts in Sediment
沉渣非鳞状上皮	Non-Squamous Epithelial Cells in Sediment
沙门氏菌属	Salmonella spp.
沙门菌	Salmonella
油菜籽油质蛋白	Canola Oleosin
油酰肉碱	OLEYLCARNITINE C18:1
油酸	Oleic Acid
油酸 18:1 n-9	Oleic 18:1n9
油酸/肌酐比	Oleic acid/Creatinine Ratio
油酸（9-顺式）	Oleic acid 9-isomer
治疗史	treatment history
治疗计划	Plan of treatment
治疗计划	plan of treatment
泛酸	Pantothenate
波列基内阿米巴	Entamoeba polecki
洋葱	onion
洋葱 + 葱	Onion + Scallion
活化部分凝血活酶时间	Activated Partial Thromboplastin Time
活化部分凝血活酶时间对照	Activated Partial Thromboplastin Time Control
活化部分凝血活酶时间比值	Activated Partial Thromboplastin Time Ratio
浅表淋巴结	Superficial lymph nodes
海藻	Seaweed
涎液化糖链抗原	Sialyl Lewis X Antigen
涎液化糖链抗原-6	Sialylated Carbohydrate Antigen - 6
淀粉酶（尿）	Amylase in Urine
淀粉颗粒	Starch Granules
淋巴细胞百分比	% Lymphocyte
淋巴细胞百分比	Lymphocytes Percentage
淋巴细胞绝对值	Lymphocyte Absolute Value
深吸气量	Deep Inspiratory Capacity
深睡眠潜伏期（分钟）	Deep Sleep Latency [m]
混合性的	Mixed
混合草	Mixed grasses
混合重金属 IgG+IgA	Mixed Heavy Metals IgG+IgA
混合重金属 IgM	Mixed Heavy Metals IgM
清晰度	Clarity
清洁度	Cleanliness
温度校正后二氧化碳分压	Temperature-Corrected Partial Pressure of Carbon Dioxide
游离κ/λ比率	Free Kappa/Lambda Ratio
游离κ轻链	Free Kappa Light Chain
游离λ轻链	Free Lambda Light Chain
游离三碘甲状腺原氨酸	Free Triiodothyronine
游离前列腺特异性抗原	Free Prostate-Specific Antigen
游离前列腺特异抗原 / 前列腺特异抗原	Free Prostate - Specific Antigen/Prostate - Specific Antigen
游离甲状腺素	Free Thyroxine
游离睾酮	Free Testosterone
游离肉碱	Free Carnitine
游离脂肪酸	Free Fatty Acids
溶组织内阿米巴	Entamoeba histolytica
溶组织内阿米巴 / 迪斯帕内阿米巴	Entamoeba histolytica/dispar
溶组织阿米巴	Entamoeba histolytica
潮气容积	Tidal Volume
点青霉	Penicillium notatum
烟曲霉	Aspergillus fumigatus
烟曲霉抗体	Aspergillus fumigatus antibody
烟酸	Vitamin B3
烤南瓜籽	Pumpkin Seeds, roasted
烤杏仁	Almond, roasted
烤腰果	Cashew, roasted
烤花生	Peanut, roasted
烤葵花籽	Sunflower Seeds, roasted
熟三文鱼	Salmon, cooked
熟仿蟹肉	Imitation Crab, cooked
熟利马豆	Lima Bean, cooked
熟南瓜 + 熟西葫芦（泛指各种南瓜属蔬菜）	Pumpkin + Squash, cooked
熟四季豆	Green Bean, cooked
熟大比目鱼	Halibut, cooked
熟大蒜	Garlic, cooked
熟小扁豆	Lentil, cooked
熟山药 + 熟红薯	Yam + Sweet Potato, cooked
熟扇贝	Scallops, cooked
熟抱子甘蓝	Brussels Sprouts, cooked
熟斑豆	Pinto Bean, cooked
熟沙丁鱼 + 熟凤尾鱼	Sardine + Anchovy, cooked
熟洋葱 + 熟葱	Onion + Scallion, cooked
熟洋蓟	Artichoke, cooked
熟海鲈鱼	Sea Bass, cooked
熟火鸡肉	Turkey, cooked
熟牡蛎	Oyster, cooked
熟猪肉	Pork, cooked
熟玉米 + 水通道蛋白	Corn + Aquaporin, cooked
熟甜菜	Beet, cooked
熟白米 + 熟糙米	Rice, white + brown, cooked
熟白鱼	Whitefish, cooked
熟秋葵	Okra, cooked
熟红甘蓝 + 熟绿甘蓝	Cabbage, red + green, cooked
熟红鲷鱼	Red Snapper, cooked
熟罗非鱼	Tilapia, cooked
熟羊肉	Lamb, cooked
熟胡萝卜	Carrot, cooked
熟芦笋	Asparagus, cooked
熟花椰菜	Cauliflower, cooked
熟茄子	Eggplant, cooked
熟菜豆（红芸豆）	Kidney Bean, cooked
熟虾	Shrimp, cooked
熟蚕豆	Fava Bean, cooked
熟蛋白	Egg White cooked
熟蛋黄	Egg Yolk cooked
熟蛤蜊	Clam, cooked
熟螃蟹 + 熟龙虾	Crab + Lobster, cooked
熟西兰花	Broccoli, cooked
熟西葫芦	Zucchini, cooked
熟豌豆	Pea, cooked
熟野米	Wild Rice, cooked
熟金枪鱼	Tuna, cooked
熟香蕉	Banana, cooked
熟鱿鱼	Squid (Calamari), cooked
熟鲭鱼	Mackerel, cooked
熟鳕鱼	Cod cooked
熟鳟鱼	Trout, cooked
熟鸡肉	Chicken, cooked
熟鹰嘴豆	Garbanzo Bean, cooked
熟黑豆	Black Bean, cooked
熟（炸）白土豆	Potato, white, cooked (fried)
熟（烤）白土豆	Potato, white, cooked (baked)
燕麦	Oats
爆米花	Popped Corn
片形吸虫属 / 布氏姜片吸虫	Fasciola spp./ Fasciolopsis buski
牙周	Periodontal
牙齿	Teeth
牛奶	Cow’s Milk
牛奶	Milk
牛奶嗜乳脂蛋白	Milk Butyrophilin
牛奶巧克力	Milk Chocolate
牛油果	Avocado
牛磺酸	Taurine
牛肉	Beef
牛至	Oregano
特异β人绒毛膜促性腺激素	β-Human Chorionic Gonadotropin
犬复孔绦虫	Dipylidium caninum
狗毛屑	Dog Dander
猕猴桃	Kiwi
猪囊尾蚴IgG抗体	Cysticercus cellulosae IgG antibody
猪肉	pork
猫毛屑	Cat Dander
玉米	Corn
玉米油质蛋白	Corn Oleosin
环丙沙星	Ciprofloxacin
环孢子虫	Cyclospora cayetanensis
现病史	HPI
现病史	present illness
现病史简述	Brief of HPI
琥珀酸/肌酐比	Succinic acid/Creatinine Ratio
瓜尔胶	Gum Guar
瓜氨酸	Citrulline
甘氨酸	Glycine
甘胆酸	Glycocholic Acid
甜椒	Bell Pepper
生山核桃 + 烤山核桃	Pecan, raw + roasted
生巴西坚果 + 烤巴西坚果	Brazil Nut, raw + roasted
生开心果 + 烤开心果	Pistachio, raw + roasted
生榛子 + 烤榛子	Hazelnut, raw + roasted
生澳洲坚果 + 烤澳洲坚果	Macadamia Nut, raw + roasted
生物可利用睾酮人绒毛膜促性腺激素	Bioavailable testosterone
生物素	Blotin
生菜	Lettuce
生蘑菇 + 熟蘑菇	Mushroom, raw + cooked
生蜂蜜 + 加工过的蜂蜜	Honey, raw +processed
生鸡蛋	Egg, Raw
用力肺活量	Forced Vital Capacity
用药史	Medication History
用药指导	Medication instruction
甲型流感病毒	Influenza A virus
甲型肝炎抗体免疫球蛋白G	Hepatitis A Virus IgG Antibody
甲型肝炎抗体免疫球蛋白M	Hepatitis A Virus IgM Antibody
甲型肝炎病毒RNA	Hepatitis A Virus RNA
甲型肝炎病毒抗体	Hepatitis A virus antibody
甲基丙二酰/琥珀酰肉碱	Methymalonyl/Succinylcarnitine (C4DC)
甲基丙二酸	2-Methylpropanedioic acid
甲基丙二酸/肌酐比	Methylmalonic acid/Creatinine Ratio
甲氧基去甲肾上腺素	Methoxy-norepinephrine
甲氧基肾上腺素	methoxymetanephrine
甲状旁腺激素	Parathyroid Hormone
甲状腺球蛋白	Thyroglobulin
甲状腺球蛋白 IgG	Thyroglobulin IgG
甲状腺球蛋白抗体	Thyroglobulin Antibodies
甲状腺素结合球蛋白	Thyroxine-binding Globulin
甲状腺过氧化物酶 IgG	Thyroid Peroxidase IgG
甲状腺过氧化物酶抗体	Anti-thyroid peroxidase antibody
甲状腺过氧化物酶抗体	Thyroid Peroxidase Antibodies
甲状腺（外科）	Thyroid (Surgical)
甲胎蛋白异质体L3	Lens Culinaris Agglutinin-reactive Alpha-fetoprotein
甲酰氨基戊二酸	Formiminoglutamate
甲酸	Formic Acid
甲醛和戊二醛 IgG+IgA	Formaldehyde and Glutaraldehyde IgG+IgA
甲醛和戊二醛 IgM	Formaldehyde and Glutaraldehyde IgM
男性46XY	Male 46XY
画眉草	Teff
番茄 + 水通道蛋白	Tomato + Aquaporin
番茄酱	Tomato Paste
畸形精子	Abnormal Sperm Morphology
疱疹病毒	Herpes Simplex Virus
病史与体格检查记录	History and Physical note
病理性管型	Pathological Casts
瘦体重	Lean body mass
癸二烯酰肉碱	Decadienoylcarnitine
癸烯酰肉碱	DECENOYLCARNITINE C10:1
癸酰基	Decanoyl (C10)
登革热病毒IgG抗体	Dengue virus IgG antibody
登革热病毒IgM抗体	Dengue virus IgM antibody
登革热病毒非结构蛋白1抗原（NS1抗原）	Dengue virus non - structural protein 1 antigen (NS1 antigen)
白介素10	Interleukin-10
白介素12p70	Interleukin-12p70
白介素17	Interleukin-17
白介素1β	Interleukin-1Beta
白介素2	Interleukin-2
白介素4	Interleukin-4
白介素5	Interleukin-5
白介素6	Interleukin-6
白介素8	Interleukin-8
白细胞分类	White Blood Cell Differential
白色念珠菌 / 都柏林念珠菌	Candida albicans/dubliniensis
白色念珠菌S3抗体	Candida Albicans S3 Antibody
白色念珠菌抗体	Candida albicans Antibody
白色念球菌	Candida albicans
白葡萄酒	White Wine
白蛋白/球蛋白比率	Albumin/Globulin Ratio
白蜡	Ash
白软干酪	cottage cheese
百慕大草	Bermuda Grass
百里香	Thyme
皮肤	Skin
皮质醇	Cortisol
皮质醇（16:00）	Cortisol (16:00)
皮质醇（24:00）	Cortisol (24:00)
皮质醇（8:00）	Cortisol (8:00 AM)
直接低密度脂蛋白	Direct Low-Density Lipoprotein
直接胆红素	Direct Bilirubin
相位角	Phase angle
真菌	Fungi
眼底镜检查	Funduscopy
眼科其他	Others in Ophthalmology
着丝粒B抗体	Centromere B Antibodies
睡液酸苷酶	Sialidase
睡眠中觉醒时间	WASO
睡眠效率（百分比）	Sleep Efficiency %
睡眠潜伏期（分钟）	Sleep Latency(m)
睡眠阶段转换（指数）	Sleep Stage Change (Index)
睾酮	Testosterone
矫正视力（右）	Corrected visual acuity (Right)
矫正视力（左）	Corrected visual acuity (Left)
短链脂肪酸（总量 *）（乙酸盐、正丁酸盐、丙酸盐）	Short-Chain Fatty Acids (SCFA) (Total*) (Acetate, n-Butyrate, Propionate)
石榴	Pomegranate
矿物质	Mineral
砷	Arsenic
硒	Selenium
硫胺素	Vitamin B1
硫酸脱氢表雄酮	Dehydroepiandrosterone sulfate
硬皮病抗体(Scl-70)	Scleroderma-70 Antibodies
硬脂酸	Stearic Acid
硬酰基	Stearoyl (C18)
碱性磷酸酶	Alk Phosphatase
碳14-尿素呼⽓试验	Carbon-14 urea breath test
碳氧血红蛋白	Carboxyhemoglobin
碳酸氢根浓度	Bicarbonate Concentration
碳酸氢盐	Bicarbonate
磁共振成像骨骼肌指数	Skeletal Muscle Index by MRI
磷酸丝氨酸	Phosphoserine
磷酸乙醇胺	Phosphoethanolamine
磷酸盐	Phosphate
磺硫酸法蛋白定性	Qualitative test of urinary protein of sulfosalicylic acid method
社会史	Social history
神经元特异性烯醇化酶	Neuron-Specific Enolase
神经元电压门控钾通道抗体	Neuronal (V-G) K+ Channel Ab
神经肽Y	Neuropeptide Y
神经酸	Nervonic Acid
神经酸 24:1 n-9	Nervonic 24:1n9
空泡毒素	Vacuolating Cytotoxin
空腹血糖	Fasting Plasma Glucose
突触蛋白	Synapsin
端粒长度	Telomere Length
端粒长度百分位数	Telomere Percentile (Relative to others in the same age group)
第一秒用力呼气容积	Forced Expiratory Volume in 1 Second
等孢球虫属	Cystoisospora spp.
管型	Casts
米糕	Rice Cake
类胰岛素生长因子1	Insulin-like Growth Factor 1
类风湿因子	Rheumatoid Factor
粘液丝	Mucous Threads
粪便中的连蛋白家族肽	Zonulin Family Peptide, Stool
粪便免疫检测	Fecal Immunochemical Test
粪便分泌型免疫球蛋白 A	Fecal secretory IgA
粪便潜血	Fecal Occult Blood
粪便脂肪（总量）	Fecal Fat(total)
粪曲霉抗体	Aspergillus fumigatus Antibody
粪类圆线虫	Strongyloides stercoralis
粪肠球菌	Enterococcus faecalis
精子存活率	Sperm Viability
精子形态	Sperm Morphology
精子数量	Sperm Count
精子活动力	Sperm Motility
精氨酸	Arginine
精氨酸琥珀酸	Argininosuccinic Acid
精液pH值	Semen pH
精液中白细胞数	White Blood Cell Count in Semen
精液液化时间	Semen Liquefaction Time
精液量	Semen Volume
精液颜色	Semen Color
精神状态	Mental Status
糖化白蛋白	Glycated Albumin
糖化血红蛋白	Glycated Hemoglobin
糖类抗原15-3	Carbohydrate Antigen 15-3
糖类抗原24-2	Carbohydrate Antigen 24-2
糖类抗原50	Carbohydrate Antigen 50
糖类抗原72-4	Carbohydrate Antigen 72-4
系统回顾	Review of systems
红甘蓝 + 绿甘蓝	Cabbage, red + green
红细胞	Red Blood Cells
红细胞信息	Red Blood Cell Information
红细胞内游离原卟啉	Free Erythrocyte Protoporphyrin
红细胞内粘度	Erythrocyte Internal Viscosity
红细胞分布宽度	Red blood cell distribution width
红细胞分布宽度-变异系数	Red blood cell distribution width - coefficient of variation
红细胞分布宽度-标准差	Red Cell Distribution Width-Standard Deviation
红细胞刚性指数	Erythrocyte Rigidity Index
红细胞压积	Hematocrit
红细胞电泳指数	Erythrocyte Electrophoresis Index
红细胞电泳时间	Red Blood Cell Electrophoresis Time
红花油质蛋白 + 葵花籽油质蛋白	Safflower + Sunflower Oleosin
红葡萄 + 绿葡萄	Grape red + green
红葡萄酒	Red Wine
红辣椒	red pepper
纤溶酶原	Plasminogen
纤维蛋白	Fibulin
线索细胞	Clue Cells
组氨酸	Histidine
组织多肽特异性抗原	Tissue Polypeptide-Specific Antigen
组胺	Histamine
细胞内液	Intracellular water
细胞外液	Extracellular water
细胞外液碱剩余	Base Excess of Extracellular Fluid
细胞毒性自然杀伤细胞百分比	% Cytotoxic NK cells
细胞毒性（CD8）T 细胞百分比	% Cytotoxic (CD8) T Cell
细胞毒素	Cytotoxin
细胞电泳	Cell Electrophoresis
细胞色素 P450（肝细胞）	Cytochrome P450 (Hepatocyte)
细胞角蛋白19片段	Cytokeratin 19 Fragment
细胞量	Cellularity
细菌性阴道病	Bacterial Vaginosis
结合胆红素	Conjugated Bilirubin
结果概述	Summary of Results
结核分枝杆菌	Mycobacterium tuberculosis
结核菌T-N值	Tuberculosis Bacteria T - N Value
结缔组织	Connective Tissue
结肠内阿米巴	Entamoeba coli
结肠小袋纤毛虫	Balantidium coli
给药记录	Administered medications
绦虫属	Taenia spp.
维生素 A	Vitamin A
维生素 C	Vitamin C
维生素 D3	Vitamin D3
维生素 E	Vitamin E
维生素 K2	Vitamin K2
维生素A	Vitamin A
维生素B1	Vitamin B1
维生素B12	Vitamin B12
维生素B2	Vitamin B2
维生素B3	Vitamin B3
维生素B5	Vitamin B5
维生素B6	Vitamin B6
维生素B7	Vitamin B7 (Biotin)
维生素B9	Vitamin B9 (Folate)
维生素D	Vitamin D
维生素D2	Vitamin D2
维生素D3	Vitamin D3
维生素E	Vitamin E
维生素K1	Vitamin K1
维生素K2	Vitamin K2
绿脓杆菌抗体	Pseudomonas aeruginosa Antibody
缩小膜壳绦虫	Hymenolepis diminuta
缬氨酸	Valine
网织红细胞计数	Reticulocyte Count
罗勒	Basil
罗氏菌属	Roseburia spp.
羊肉	Lamb
羟脯氨酸	Hydroxyproline
羟赖氨酸	Hydroxylysine
耳鼻咽喉科其他	Others in Otorhinolaryngology
职业	occupation
肉桂	Cinnamon
肉碱	Carnitine
肉胶	Meat Glue
肉豆蔻	Nutmeg
肉豆蔻酸	Myristic Acid
肌内膜抗体	Endomysial Antibodies
肌动球蛋白 IgA	Actomyosin IgA
肌氨酸	Sarcosine
肌红蛋白	Myoglobin
肌纤维	Muscle Fibers
肌肉控制	Muscle control
肌肉评分	Muscle score
肌肽	Carnosine
肌酸激酶	creatine kinase
肌酸激酶同工酶MB	Creatine Kinase - MB
肌酸激酶同工酶MB相对指数	CK-MB Relative Index
肌醇	Inositol
肌钙蛋白T	Troponin T
肛门、直肠指诊	Anus and digital rectal examination
肝吸虫IgG抗体	Clonorchis sinensis IgG antibody
肝脏触诊	Liver Palpation
肠道病毒71型IGM抗体	Enterovirus 71 IgM Antibody
肠道病毒通用型IgM抗体	Enterovirus Generic IgM Antibody
肺吸虫IgG抗体	Paragonimus westermani IgG antibody
肺总量	Total Lung Capacity
肺泡通气量	Alveolar Ventilation
肺活量	Vital Capacity
肺炎支原体IgM抗体	Mycoplasma Pneumonia IgM
肺炎支原体抗体	Mycoplasma Pneumonia antibody
肺部听诊	Auscultation of Lungs
肾上腺素	epinephrine
肾小球滤过率	Glomerular Filtration Rate
肾脏触诊	Renal Palpation
肿瘤坏死因子α	Tumor Necrosis Factor-Alpha
肿瘤细胞	Tumor Cells
胃泌素17	gastrin-17
胃泌素释放肽前体	Progastrin-releasing peptide
胃蛋白酶原I	Pepsinogen I
胃蛋白酶原II	Pepsinogen II
胃蛋白酶原I与II比值	Pepsinogen I/II Ratio
胆囊收缩素	Cholecystokinin
胆固醇/高密度脂蛋白比率	Cholesterol/HDL Ratio
胆固醇晶体	Cholesterol Crystals
胆汁酸	Bile Acid
胆碱	Choline
胆碱酯酶	Cholinesterase
胡桃	Walnut
胡萝卜	Carrot
胰岛素	Insulin
胰岛素(一小时)	Insulin (1 hour)
胰岛素(三小时)	Insulin (3 hour)
胰岛素(两小时)	Insulin (2-hour)
胰岛素(半小时)	Insulin (30 minutes)
胰岛素瘤抗原 2 自身抗体	IA-2 Autoantibody
胰岛细胞抗体	islet cellular antibody
胰腺弹性蛋白酶 1†	Pancreatic Elastase 1 †
胱抑素C	Cystatin C
胱硫醚	Cystathionine
胶原蛋白复合物	Collagen Complex
脂多糖 (LPS) IgA	Lipopolysaccharides (LPS) IgA
脂多糖 (LPS) IgG	Lipopolysaccharides (LPS) IgG
脂多糖 (LPS) IgM	Lipopolysaccharides (LPS) IgM
脂类	Lipid profile
脂肪控制	Fat control
脂肪球	Fecal Fat Globules
脂肪评分	Fat score
脂肪量指数	Fat Mass Index
脂蛋白(a)	Lipoprotein(a)
脂蛋白相关磷脂酶A2	Lipoprotein-Associated Phospholipase A2
脆弱双核阿米巴	Dientamoeba fragilis
脊柱	Spine
脑啡肽	Enkephalins
脓细胞	Purulent cells
脯氨酸	Proline
脯氨酸氨基肽酶	Proline Iminopeptidase
脱唾液酸神经节苷脂	Asialoganglioside
脾脏触诊	Spleen Palpation
腌绿橄榄 + 腌黑橄榄	Olive, green + black, pickled
腌黄瓜	Cucumber, pickled
腭	Palate
腮腺	Parotid Gland
腰果	Cashew
腰果豌豆球蛋白	Cashew Vicilin
腺病毒DNA	Adenovirus DNA
腺病毒IgG抗体	Adenovirus IgG Antibody
腺病毒IgM抗体	Adenovirus IgM Antibody
腺病毒PCR	Adenovirus PCR
腺病毒RNA	Adenovirus RNA
腺病毒抗体	Adenovirus Antibody
腺病毒特异性抗原	Adenovirus Specific Antigen
臀围	Hip circumference
自然杀伤 T 细胞百分比	% NKT
自然杀伤细胞百分比	% NK Cell
臭气杆菌属	Odoribacter spp
舌	Tongue
舌下腺	Sublingual Gland
舒巴坦	Sulbactam
色氨酸	Tryptophan
色觉	Color vision
艾蒿	Artemisia
芒果	Mango
芝麻	Sesame
芝麻油质蛋白	Sesame Oleosin
芝麻清蛋白	Sesame Albumin
芥菜籽	Mustard Seed
芦笋	Asparagus
花生	Peanut
花生凝集素	Peanut Agglutinin
花生四烯酸	Arachidonic Acid
花生四烯酸 / 二十碳五烯酸	Arachidonic acid /Eicosapentaenoic acid 20:4 n6 / 20:5 n3
花生四烯酸 20:4 n-6	Arachidonic 20:4 n6
花生油质蛋白	Peanut Oleosin
花生酱	Peanut Butter
花生酸	Arachidic Acid
芹菜	Celery
芽囊原虫属	Blastocystis spp.
芽孢杆菌属	Bacillus species
苋	Amaranth
苋菜	Amaranth
苍耳	Cocklebur
苏氨酸	Threonine
苯丙氨酸	Phenylalanine
苯乙酰肉碱	Phenylacetylcarnitine
苯环化合物 IgG+IgA	Benzene Ring Compounds IgG+IgA
苯环化合物 IgM	Benzene Ring Compounds IgM
苯甲酰肉碱	Benzoylcarnitine
苹果	Apple
苹果汁	Apple Cider
草甘膦	Glyphosate
草莓	Strawberry
荔枝	Lychee
荞麦	Buckwheat
药物	current medications
莳萝	Dill
菠菜 + 水通道蛋白	Spinach + Aquaporin
菠萝	Pineapple
菠萝菠萝蛋白酶	Pineapple Bromelain
菲律宾毛细线虫	Capillaria philippinensis
萝卜	Radish
葎草	Humulus
葡萄柚	Grapefruit
葡萄糖 - 胰岛素相互作用	Glucose-Insulin Interaction
葡萄糖(一小时)	Glucose-1hour
葡萄糖(三小时)	Glucose-3hour
葡萄糖(半小时)	Glucose-30min
葡萄糖-6-磷酸脱氢酶（G6PD）筛查	Glucose-6-Phosphate Dehydrogenase Screening
蓝莓	Blueberry
蓼草	Dock Weed
蔓越莓	Cranberry
薄荷	Mint
藜	Chenopodium
藜麦	Quinoa
蘑菇	mushroom
虫卵	Parasite Ova
虾	Shrimp
虾原肌球蛋白	Shrimp Tropomyosin
蛋氨酸	Methionine
蛋白C	Protein C
蛋白S	Protein S
蛋白质分解产物（总量 ）	Products of Protein Breakdown (Total）
蛋白质定性	Protein Qualitative
蛋白酪氨酸磷酸酶抗体	protein tyrosine phosphatase antibody
蛔虫	Ascaris lumbricoides
蛔虫卵	Ascaris egg
蛲虫	Enterobius vermicularis
蟑螂	Cockroach
蟹	Crab
血β2-微球蛋白	Serum β2-Microglobulin
血压	Blood Pressure
血吸虫卵	Schistosome egg
血吸虫属	Schistosoma spp.
血小板分布宽度	Platelet Distribution Width
血小板压积	Platelet crit
血小板电泳时间	Platelet Electrophoresis Time
血小板糖蛋白	Platelet Glycoprotein
血小板计数	Platelet count
血尿	Hematuria
血尿素氮	Blood Urea Nitrogen
血沉方程K值	Erythrocyte Sedimentation Rate Equation K value
血浆铜蓝蛋白	Ceruloplasmin
血液微丝蚴	Blood Microfilaria
血液疟原虫	Blood Plasmodium
血清淀粉样蛋白A	Serum Amyloid A
血清透明质酸酶	Hyaluronic Acid
血管性血友病因子抗原	Von Willebrand Factor Antigen
血管性血友病因子活性	Von Willebrand Factor Activity
血管紧张素Ⅰ	Angiotensin I
血管紧张素Ⅱ	Angiotensin II
血红蛋白	Hemoglobin
血细胞比容百分比	Hematocrit
血脑屏障蛋白 IgG+IgA	Blood Brain Barrier Protein IgG+IgA
血脑屏障蛋白 IgM	Blood Brain Barrier Protein IgM
衣原体抗体IgM	Chlamydia Antibody IgM
补体C3	Complement C3
补体C4	Complement C4
补充意见1	Supplementary Comment 1
补充意见2	Supplementary Comment 2
补吸气容积	Inspiratory Reserve Volume
补呼气容积	Expiratory reserve volume
裂头蚴IgG抗体	Sparganum mansoni IgG antibody
裂隙灯检查	Slit - lamp examination
裸视力（右）	Uncorrected visual acuity (Right)
裸视力（左）	Uncorrected visual acuity (Left)
西兰花	Broccoli
西方豚草	Western Ragweed
西瓜	Watermelon
西红柿	Tomato
觉醒次数（指数）	# Wake (Index)
讨论	Discussion
记录日期	Recording date
评估/计划	Asessment/Plan
评估总结	Summary of assessment
诊断	Diagnosis
诊断意见	Impression
诺如病毒	Norovirus
调节性 T 细胞百分比	% Regulatory T Cell
谷吗啡肽 + 前强啡肽 IgA	Gluteomorphin + Prodynorphin IgA
谷吗啡肽 + 前强啡肽 IgG	Gluteomorphin + Prodynorphin IgG
谷氨酸	Glutamic Acid
谷氨酸脱氢酶	Glutamate Dehydrogenase
谷氨酸脱羧酶65抗体	Glutamic acid decarboxylase 65 antibodies
谷氨酸脱羧酶抗体	glutamic acid decarboxylase antibody
谷氨酸脱羧酶自身抗体	Glutamic Acid Decarboxylase Autoantibody
谷胱甘肽	Glutathione
谷胱甘肽还原酶	Glutathione reductase
谷草/谷丙	Aspartate Aminotransferase/Alanine aminotransferase
豆类凝集素	Bean Agglutinins
豆腐	Tofu
豌豆凝集素	Pea Lectin
豌豆蛋白	Pea Protein
贝	Shellfish
贾第虫属	Giardia
赖氨酸	Lysine
超广谱β-内酰胺酶	Extended-Spectrum Beta-Lactamase
身体总水量	Total body water
身体质量指数	Body Mass Index
身高	Height
躯干	Torso
转录中介因子1-γ抗体	TIF1-γ
转谷氨酰胺酶 - 2 IgA	Transglutaminase-2 IgA
转谷氨酰胺酶 - 2 IgG	Transglutaminase-2 IgG
转谷氨酰胺酶 - 3 IgA	Transglutaminase-3 IgA
转谷氨酰胺酶 - 3 IgG	Transglutaminase-3 IgG
转谷氨酰胺酶 - 6 IgG	Transglutaminase-6 IgA
转谷氨酰胺酶 - 6 IgG	Transglutaminase-6 IgG
转铁蛋白	Fecal transferrin
转铁蛋白	Transferrin
轮状病毒	Rotavirus
软质奶酪 + 硬质奶酪	Soft Cheese + Hard Cheese
载脂蛋白A1	Apolipoprotein A1
载脂蛋白B	Apolipoprotein B
辅助性 T 细胞 1 百分比	% T-Helper-1 Cell
辅助性 T 细胞 17 百分比	% T-Helper-17
辅助性 T 细胞 2 百分比	% T-Helper-2 Cell
辅助性 T 细胞（CD4）百分比	% T-Helper (CD4) Cell
辅助性T淋巴细胞	Helper T Lymphocytes
辅助性T淋巴细胞绝对计数	Absolute Count of Helper T Lymphocyte
辅酶 Q10	Coenzyme Q10
输血史	history of blood transfusion
辛烯酰肉碱	OCTENOYLCARNITINE C8:1
辛酰基	Octanoyl (C8)
辣椒	Chili Pepper
辣椒粉	Paprika
过氧化氢	Hydrogen Peroxide
迈氏唇鞭毛虫	Chilomastix mesnili
还原血红蛋白	Deoxygenated Hemoglobin
迟钝脱硫弧菌	Desulfovibrio piger
迷迭香	Rosemary
速溶咖啡	Instant Coffee
造影剂	contrast agent
邻单胞菌	Plesiomonas
部分凝血活酶时间	partial thromboplastin time
酪啡肽	Casomorphin
酪氨酸	Tyrosine
酮体	Ketones
酰基肉碱	Acylcarnitine
酰基肉碱与游离肉碱比率	Acylcarnitine to Free Carnitine Ratio
酵母	Yeast
酵母细胞	Yeast Cells
酸奶	Yogurt
醛固酮	Aldosterone
醛缩酶	Aldolase
金枪鱼	Tuna
金黄色葡萄球菌	Staphylococcus aureus
钙保护蛋白定量	Calprotectin Quant
钙卫蛋白†	Calprotectin †
钙卫蛋白定量	Calprotectin Quantification in Urine
钠	Sodium
钩口属 / 板口属（钩虫）	Ancylostoma/Necator (Hookworm)
钩虫卵	Hookworm egg
钴胺素	Vitamin B12
钼	Molybdenum
钾	Potassium
钾离子校正阴离子间隙	Corrected Anion Gap
铁	Iron
铁利用率	Iron Utilization Rate
铁调素	Hepcidin
铁饱和度	Iron Saturation
铅	Lead
铜	Copper
铝	Aluminium
铬	Chromium
锌	Zinc
锌转运蛋白抗体	Zinc transporter antibody
锰	Manganese
镉	Cadmium
镜检上皮细胞	Microscopic Examination of Epithelial Cells
镜检病理管型	Microscopic Examination of Pathological Casts
镜检白细胞	Microscopic - examined White Blood Cells
镜检管型细胞	Microscopic Examination of Cast Cells
镜检红细胞	Microscopic - examined Red Blood Cells
镜检透明管型	Microscopic Examination of Hyaline Casts
长双歧杆菌长亚种	Bifidobacterium longum subsp. Longum
长链脂肪酸	Long-Chain Fatty Acids
闭合蛋白 / 连蛋白 IgA	Occludin/Zonulin IgA
闭合蛋白 / 连蛋白 IgG	Occludin/Zonulin IgG
闭合蛋白 / 连蛋白 IgM	Occludin/Zonulin IgM
间接胆红素	Indirect Bilirubin
阔节裂头绦虫	Diphyllobothrium latum
阴离子间隙	Anion Gap
阻塞性的	Obstructive
阿米卡星	Amikacin
降钙素原	Procalcitonin
随年龄变化的骨骼肌质量	Skeletal Muscle Mass over Age
随访	Follow up
随访安排	Follow up
隐孢子虫	Cryptosporidium
隐孢子虫属	Cryptosporidium spp.
隐血	Occult Blood
雄烯二酮	Androstenedione
雌二醇	Estradiol
雌酮	Estrone
霉菌	Fungi
霍乱弧菌	Vibrio cholerae
静息能量消耗	Resting energy expenditure
非高密度脂蛋白胆固醇	Non-HDL Cholesterol
非麸质蛋白 A IgA	Non-Gluten Proteins A IgA
非麸质蛋白 A IgG	Non-Gluten Proteins A IgG
非麸质蛋白 B IgA	Non-Gluten Proteins B IgA
非麸质蛋白 B IgG	Non-Gluten Proteins B IgG
鞭虫	Trichuris trichiura
鞭虫卵	Trichuris egg
韦荣氏球菌属	Veillonella spp.
预先指示	Advance directives
预防接种史	history of vaccination
颈管细胞	Endocervical Cells
颌下腺	Submandibular Gland
颗粒细胞	Granular Cells
颜色††	Color††
颞下颌关节	Temporomandibular Joint
风疹病毒IgM抗体	Rubella Virus IgM Antibody
食物残渣	Food Residue
食用色素	Food Coloring
饮食习惯	dietary habit
香草	Vanilla
香草扁桃酸	Vanillylmandelic Acid
香菜	Cilantro
香蕉	Banana
骨碱性磷酸酶	Bone Alk. Phosphatase
骨细胞	Osteocyte
骨钙素	Osteocalcin
骨骼肌质量	Skeletal Muscle Mass
骨髓铁染色	Bone Marrow Iron Stain
高密度脂蛋白胆固醇	High-Density Lipoprotein Cholesterol
高敏感C反应蛋白	High-Sensitivity C-Reactive Protein
高灵敏度C反应蛋白	High Sensitivity C-Reactive Protein
高灵敏度肌钙蛋白I	High Sensitivity Cardiac Troponin I
高瓜氨酸	Homocitrulline
高粱	Sorghum
高铁血红蛋白	Methemoglobin
鲑鱼	Salmon
鳕鱼	Codfish
鳞状细胞	squamous cells
鳞状细胞癌抗原	Squamous Cell Carcinoma Antigen
鸟氨酸	Ornithine
鸡肉	chicken
鸡蛋	Egg
鸽子血清抗体	Pigeon Serum Antibody
鹅肌肽	Anserine
麦谷蛋白 21 聚体 IgA	Glutenin 21-mer IgA
麦谷蛋白 21 聚体 IgG	Glutenin 21-mer IgG
麦醇溶蛋白 - 转谷氨酰胺酶复合物 IgA	Gliadin-Transglutaminase Complex IgA
麦醇溶蛋白 - 转谷氨酰胺酶复合物 IgG	Gliadin-Transglutaminase Complex IgG
麦醇溶蛋白毒性肽 IgA	Gliadin Toxic Peptides IgA
麦醇溶蛋白毒性肽 IgG	Gliadin Toxic Peptides IgG
麻疹病毒IgG抗体	Measles IgG
麻疹病毒IgG抗体水平	Measles IgG Level
黄体生成素	Luteinizing Hormone
黄原胶	Xanthan Gum
黄曲霉抗体	Aspergillus flavus Antibody
黄曲霉毒素 IgG+IgA	Aflatoxins IgG+IgA
黄曲霉毒素 IgM	Aflatoxins IgM
黄蓍胶	Gum Tragacanth
黑巧克力 + 可可粉	Dark Chocolate + Cocoa
黑曲霉	Aspergillus niger
黑色素瘤分化相关蛋白5抗体	Anti-melanoma differentiation associated gene-5 antibody
黑麦草	Rye Grass
黑麦，大麦，斯佩耳特小麦，波兰小麦	Rye, Barley, Spelt, Polish Wheat
鼓膜	Tympanic Membrane
鼠尾草	Sage Weed
鼻中隔	Nasal Septum
鼻腔	Nasal Cavity
龙虾	Lobster
